;1;2;3;4;5;6;7;8;9;10;11;12;13;14;21;22;23;24;25;26;27;28;29;30;31;32;33;34;35;36;37;38;39;40;41;42;43;44;51;52;53;54;55;56;57;58;59;60;61;62;63;64;65;66;67;68;69;70;71;72;81;82;83;84;85;86;87;88;89;90;91;92;93;94;95;96;97;98;99;100;101;102;111;112;113;114;115;116;117;118;119;120;121;131;132;133;134;135;136;137;138;139;140;141;142;151;152;153;154;155;156;157;158;159;160;161;171;172;173;174;175;176;177;178;179;180;181;182;191;192;193;194;195;196;197;198;199;200;211;212;213;214;215;216;217;218;219;220;221;222;223;224;225;226;227;228;229;230;231;241;242;243;244;245;246;247;248;249;250;251;261
1;0;13;1;2;1;0;0;0;3;0;4;2;3;0;0;0;0;0;0;0;0;0;0;0;0;0;0;0;0;0;0;0;0;0;0;0;0;0;0;0;0;1;0;0;0;0;0;0;0;0;0;0;0;0;0;0;0;0;0;0;0;0;0;0;0;1;0;0;0;0;0;0;0;0;0;0;0;0;0;0;0;0;0;0;0;0;0;0;0;0;0;0;1;2;0;1;0;3;1;0;0;0;1;2;0;0;0;0;0;0;0;1;0;0;0;0;0;0;0;0;0;0;0;1;0;0;0;0;0;0;0;0;1;0;0;0;0;1;0;0;0;0;0;0;0;0;0;0;0;0;0;0;0;0;0;0;0;1;0;0;2;0;0;0;0;0;1;0;0;0;7
2;12;0;21;10;18;3;6;6;31;55;38;3;4;7;0;0;0;0;0;0;0;0;0;0;0;0;0;0;0;0;0;0;0;0;0;0;0;0;1;1;0;1;2;0;0;0;0;0;0;4;0;0;0;2;0;0;1;0;0;0;0;0;4;0;3;2;0;0;0;2;0;4;0;2;0;7;9;0;0;0;1;0;1;0;1;0;0;1;1;0;0;0;1;5;0;10;0;2;6;0;8;2;1;5;2;1;0;3;1;2;1;0;3;0;0;1;0;1;0;3;0;0;0;2;0;0;0;0;4;0;1;4;0;0;2;5;4;4;0;0;0;0;0;0;0;0;0;0;0;0;0;0;0;0;0;0;0;11;1;0;5;11;1;4;0;1;1;1;3;0;115
3;2;27;0;2;5;1;2;1;5;7;6;3;8;34;0;0;0;0;0;0;0;0;0;0;0;0;0;0;0;0;0;0;0;0;0;0;0;0;0;1;1;4;1;2;0;1;0;0;0;1;0;0;0;2;0;0;1;0;0;2;0;0;1;0;0;0;0;0;0;0;1;0;0;0;0;0;0;0;0;0;1;0;0;0;0;0;0;0;0;0;0;0;0;4;0;1;0;0;0;1;0;0;0;2;0;0;0;0;1;0;0;2;0;0;0;1;0;2;0;0;0;0;0;0;0;0;0;0;4;2;0;0;0;1;1;0;2;1;0;0;0;0;0;0;0;0;0;0;0;0;1;0;0;0;1;0;0;5;0;4;8;2;0;2;0;3;0;0;5;0;43
4;5;13;1;0;0;5;0;0;8;0;1;5;3;0;0;0;0;0;0;0;0;0;0;0;0;0;0;0;0;0;0;0;0;0;0;0;0;0;0;0;0;0;0;0;0;0;0;0;0;0;0;0;0;0;0;0;0;0;0;3;0;0;0;0;0;0;0;0;0;0;0;0;0;0;0;0;0;0;0;0;0;0;0;0;0;0;0;0;0;0;0;0;0;0;0;1;0;2;2;0;0;0;2;1;5;0;0;0;0;0;0;0;0;0;0;0;0;0;0;0;0;1;0;0;0;0;0;0;2;0;0;0;0;0;0;1;0;0;0;4;0;0;0;0;0;0;0;0;0;0;0;0;0;0;0;0;0;3;0;0;0;5;0;0;0;0;0;0;1;1;23
5;4;23;4;4;0;0;0;0;8;2;2;0;0;2;0;0;0;0;0;0;0;0;0;0;0;0;0;0;0;0;0;0;0;0;0;0;0;0;0;2;5;0;0;0;0;0;0;0;0;3;0;1;0;2;0;0;0;0;0;1;0;0;2;0;0;0;0;0;0;1;0;0;0;0;0;0;0;0;0;1;0;0;0;0;0;0;0;0;0;1;0;0;0;2;0;0;0;0;1;0;0;1;0;2;0;0;0;0;0;0;0;0;0;0;0;0;0;0;0;1;0;0;0;0;0;0;0;0;1;0;0;0;1;0;0;0;0;2;0;0;0;0;0;0;0;0;0;0;0;0;0;0;0;0;0;0;0;6;0;0;3;4;0;0;1;6;0;0;0;0;28
6;0;8;0;10;0;0;0;0;11;3;1;2;0;0;0;0;0;0;0;0;0;0;0;0;0;0;0;0;0;0;0;0;0;0;0;0;0;0;0;0;0;0;0;0;0;0;0;0;0;0;0;0;0;0;0;0;0;0;0;0;0;0;0;0;0;0;0;0;0;1;0;0;0;0;0;0;0;0;0;0;0;0;0;0;0;0;0;0;0;0;0;0;0;1;0;0;0;0;0;0;0;0;0;1;0;0;0;0;0;0;1;0;0;0;0;0;0;0;0;0;0;0;0;0;0;0;0;0;0;0;0;0;0;0;0;0;0;0;0;0;0;0;0;0;0;0;0;0;0;0;0;0;0;0;0;0;0;0;0;0;0;1;1;0;0;0;0;0;0;0;2
7;0;11;2;4;1;0;0;4;2;8;0;3;2;4;0;0;0;0;0;0;0;0;0;0;0;0;0;0;0;0;0;0;0;0;0;0;0;0;0;0;0;0;0;0;0;0;0;0;0;0;0;0;0;0;0;0;1;0;0;0;0;0;1;0;0;2;0;0;0;0;0;1;0;0;0;0;0;0;0;0;0;0;0;0;0;0;0;0;0;0;0;0;0;1;0;0;0;0;0;0;0;0;0;1;0;0;0;0;0;0;0;0;0;0;0;0;0;0;0;0;0;0;0;0;0;0;0;0;0;0;0;0;0;0;0;0;0;0;0;0;0;0;0;0;0;0;0;0;0;0;0;0;0;0;0;0;0;4;0;0;1;5;0;0;0;0;0;0;1;0;5
8;0;2;1;2;0;0;2;0;5;5;0;1;0;1;0;0;0;0;0;0;0;0;0;0;0;0;0;0;0;0;0;0;0;0;0;0;0;0;0;0;3;0;0;0;0;0;0;0;0;0;0;0;0;0;0;0;0;0;0;0;0;0;0;0;0;0;0;0;0;0;0;0;0;0;0;0;0;0;0;0;0;0;0;0;0;0;0;0;0;0;0;0;0;0;0;1;0;0;0;0;0;0;0;1;0;0;0;0;0;0;0;0;0;0;1;0;0;0;0;0;0;0;0;0;0;0;0;0;0;0;0;0;0;0;0;0;0;2;0;0;0;0;0;0;0;0;0;0;0;0;0;0;0;0;0;0;0;0;0;0;0;0;0;0;0;0;0;0;0;0;2
9;11;21;2;4;7;0;13;0;0;15;0;0;1;1;0;0;0;0;0;0;0;0;0;0;0;0;0;0;0;0;0;1;0;0;0;0;0;0;1;0;0;0;0;0;0;0;0;0;0;1;0;0;0;1;0;0;0;0;0;0;0;0;0;0;0;0;0;0;2;0;0;0;0;0;0;3;1;0;0;0;0;0;0;0;0;0;0;0;0;0;0;0;2;2;0;1;0;0;2;0;1;0;0;0;0;0;0;1;1;0;0;0;0;0;0;0;0;0;0;0;0;0;0;0;0;0;0;0;0;0;1;0;0;0;0;0;0;1;0;0;0;0;0;0;0;0;0;0;0;0;1;0;0;0;0;0;0;4;0;0;0;4;0;0;1;1;0;1;1;0;30
10;2;47;6;7;7;0;6;1;20;0;10;0;0;0;0;0;0;0;1;0;0;0;0;0;0;0;0;0;0;0;0;0;0;0;0;0;0;0;0;0;0;0;0;0;0;0;0;0;0;2;0;0;0;0;0;0;0;0;0;0;0;0;0;0;0;0;0;0;0;0;0;0;0;0;0;1;2;0;0;0;0;0;0;0;0;0;0;0;0;0;0;0;4;0;0;0;0;0;0;1;0;0;0;1;2;0;0;1;2;0;0;0;0;0;0;0;0;0;0;0;0;0;3;0;0;0;0;0;1;0;0;4;0;0;0;0;1;0;0;0;0;0;0;0;0;0;0;0;0;0;1;0;0;0;0;0;0;1;0;0;0;1;0;0;0;4;0;0;4;0;14
11;1;17;6;1;1;0;1;1;2;13;0;0;0;0;0;0;0;0;0;0;0;0;0;0;0;0;0;0;0;0;0;0;0;0;0;0;0;0;0;0;0;0;0;0;0;0;0;0;0;1;0;0;0;0;0;0;0;0;0;0;0;0;0;0;0;0;0;0;0;0;0;5;0;0;0;1;0;0;0;0;0;0;0;0;0;0;0;0;0;1;0;0;0;1;0;1;0;0;0;0;0;0;0;2;0;0;0;0;0;0;0;0;0;0;0;0;0;0;0;0;0;0;0;0;0;0;0;0;0;0;0;2;0;0;0;0;4;0;0;0;0;0;0;0;0;0;0;0;0;0;0;0;0;0;0;0;0;0;1;0;8;5;0;0;0;0;0;0;2;0;11
12;2;8;1;5;1;0;0;0;1;0;0;0;0;0;0;0;0;0;0;0;0;0;0;0;0;0;0;0;0;0;0;0;0;0;0;0;0;0;0;0;0;0;0;0;0;0;0;0;0;0;0;0;0;0;0;0;0;0;0;0;0;0;0;0;0;0;0;0;0;1;0;0;0;0;0;0;0;0;0;0;0;0;0;0;0;0;0;0;0;0;0;0;0;1;0;0;0;0;0;0;0;0;0;0;0;0;0;0;0;0;0;0;0;0;0;0;1;0;0;0;0;0;0;0;0;0;0;0;0;0;0;0;0;0;0;0;0;0;0;0;0;0;0;0;0;0;0;0;0;0;0;0;0;0;0;0;0;0;0;0;0;0;0;0;0;0;0;0;0;1;7
13;4;9;3;1;1;0;6;0;1;0;0;0;0;14;0;0;0;1;0;0;0;0;0;0;0;0;0;0;0;0;0;0;0;0;0;0;0;0;1;0;3;0;1;0;0;0;0;0;0;1;1;0;0;1;0;0;1;0;0;1;0;0;0;0;0;1;0;0;0;1;0;0;0;0;0;0;0;0;0;0;1;0;0;0;0;0;0;0;0;0;0;0;0;4;0;2;0;1;2;0;0;1;2;2;0;0;1;0;0;0;0;0;1;0;0;1;0;0;0;0;0;0;2;0;0;0;0;0;1;0;0;0;0;0;0;0;1;0;0;0;0;0;0;0;0;0;0;0;0;0;0;1;0;0;0;0;0;1;0;4;8;3;0;3;0;1;3;0;0;0;34
14;0;14;25;0;7;4;0;0;5;4;4;0;13;0;0;0;0;0;0;0;0;0;0;0;0;0;0;0;0;0;0;0;0;0;0;0;0;0;1;0;0;0;0;0;0;0;0;0;0;0;0;0;0;0;0;0;0;0;0;0;0;0;0;0;0;0;0;0;1;0;2;0;0;4;0;1;0;0;0;0;0;0;0;7;0;0;0;0;0;1;0;0;0;3;0;2;0;1;2;1;1;0;0;0;1;2;0;0;0;0;0;0;1;0;0;0;1;0;0;0;0;0;1;1;0;0;0;0;0;0;0;0;0;0;0;0;1;0;0;0;0;0;0;0;0;0;0;0;0;0;0;0;0;0;0;0;0;1;1;7;5;8;1;1;0;0;1;1;1;0;37
21;0;0;0;0;0;0;0;0;0;0;0;0;0;0;0;0;0;0;5;0;1;0;0;2;1;2;2;1;0;0;0;1;1;0;6;0;0;0;0;0;0;0;0;0;0;0;0;0;0;0;0;0;0;0;0;0;0;0;0;0;0;0;0;0;0;0;0;0;0;0;0;0;0;0;0;0;0;0;0;0;0;0;0;0;0;0;0;0;0;0;0;0;0;0;0;0;0;0;0;0;0;0;0;0;1;0;0;0;0;0;0;0;0;0;0;0;0;1;0;0;0;0;0;0;0;0;0;0;0;0;0;0;0;0;0;0;0;0;0;0;0;0;0;0;1;0;0;0;0;0;0;1;0;0;0;0;1;8;0;0;0;0;0;0;0;0;0;0;0;0;2
22;0;0;0;0;0;0;0;0;0;0;0;0;0;0;0;0;0;0;1;0;0;0;0;1;1;0;2;0;2;0;0;0;0;2;0;0;0;0;0;0;1;0;0;0;0;0;0;0;0;0;0;0;0;0;1;0;0;0;0;0;0;0;0;0;0;1;0;0;0;0;0;0;0;0;0;0;0;0;0;0;0;0;0;0;0;0;0;0;0;0;0;0;0;0;0;0;0;0;0;0;0;0;0;0;0;0;0;0;0;0;0;0;0;0;0;0;0;0;0;0;0;3;0;0;0;0;0;0;0;0;0;0;0;0;0;0;0;0;0;0;0;0;0;0;0;0;0;0;0;0;1;0;0;0;1;0;0;6;1;0;0;0;0;0;0;0;0;0;0;0;0
23;0;0;0;0;0;0;0;0;0;0;0;0;0;0;0;0;0;0;0;0;0;3;0;0;0;0;0;0;1;0;0;0;0;0;0;0;3;0;0;0;0;0;0;0;0;0;0;1;1;0;0;0;0;0;0;0;0;0;0;0;0;0;0;0;0;0;0;0;0;0;0;0;0;0;0;0;0;0;0;0;0;0;2;0;0;0;0;0;0;0;0;0;0;0;0;0;0;0;0;0;0;0;0;0;0;0;0;0;0;1;1;0;0;0;0;0;0;0;0;0;0;0;0;0;0;1;0;0;0;0;0;0;0;0;0;0;0;0;0;0;0;0;0;0;1;0;0;0;0;0;1;0;0;0;0;0;0;4;0;0;0;0;0;0;0;0;0;0;0;0;0
24;0;0;0;0;0;0;0;0;0;0;0;0;0;0;0;0;1;0;0;0;0;0;0;0;0;0;0;0;0;0;0;0;0;0;0;0;4;1;0;0;0;0;0;4;0;0;0;0;0;1;0;0;0;0;0;0;0;0;0;0;0;0;0;0;0;0;0;0;0;0;0;0;0;0;0;0;0;0;0;0;0;0;0;0;0;0;0;0;0;0;0;0;0;0;0;0;0;0;0;0;0;0;0;0;0;0;0;0;0;0;0;0;0;0;0;1;0;0;0;0;0;0;0;0;0;0;0;0;0;0;0;0;0;0;0;0;0;0;0;0;0;0;0;1;0;0;0;0;0;0;6;2;0;0;0;0;0;7;0;0;0;0;0;0;0;0;0;0;0;0;0
25;0;0;0;0;0;0;0;0;0;0;0;0;0;0;0;5;0;0;0;0;15;3;0;2;0;0;0;12;4;0;2;0;0;2;0;1;0;0;0;2;0;0;0;4;1;0;0;0;0;0;0;0;0;1;0;0;1;0;0;0;0;0;0;0;0;1;0;0;0;0;0;0;0;0;0;0;0;0;0;0;0;0;0;0;0;0;0;0;0;1;0;0;1;0;0;0;0;0;0;0;0;0;0;0;0;0;0;0;0;0;0;0;0;0;0;0;0;0;0;4;0;0;0;0;0;0;0;0;0;0;0;0;0;0;0;0;0;0;0;0;0;0;0;0;0;0;0;0;0;0;0;0;0;0;0;0;1;6;3;0;0;0;0;0;0;0;0;0;0;0;6
26;0;0;0;0;0;0;0;0;0;0;0;0;0;0;1;0;0;2;0;0;0;3;0;0;0;0;0;0;0;0;0;0;0;0;0;0;0;0;0;0;0;0;0;0;0;0;0;0;0;1;0;0;0;0;0;0;0;0;0;0;0;0;0;0;0;0;0;0;0;0;0;0;0;0;0;0;0;0;0;0;0;0;0;0;0;0;2;0;0;0;0;0;1;0;0;0;0;0;0;0;0;0;0;0;0;0;0;0;0;0;0;0;0;0;0;0;0;0;0;0;0;0;0;0;0;0;0;0;0;0;0;0;0;0;0;1;0;0;0;0;0;0;0;0;0;0;0;0;0;0;2;0;0;0;0;0;0;2;1;0;0;0;0;0;0;0;0;0;0;0;0
27;0;0;0;0;1;0;0;0;0;0;1;0;0;0;0;0;0;0;5;0;0;0;8;0;4;0;0;0;0;1;1;1;0;2;0;0;0;0;0;1;0;0;0;1;0;0;0;1;0;4;0;0;0;0;0;0;0;0;0;0;0;0;0;0;0;0;0;2;0;0;0;0;0;0;0;0;0;0;0;0;0;0;0;0;1;0;0;0;0;0;0;0;2;0;0;0;0;0;0;0;0;0;0;0;0;0;0;0;2;0;0;0;0;0;0;0;0;0;0;0;0;0;0;0;0;0;0;0;0;0;1;0;0;0;0;0;0;0;0;0;0;0;0;0;0;0;0;0;0;0;0;0;0;0;2;1;0;6;0;0;0;2;0;0;0;1;0;0;0;0;5
28;0;0;0;0;0;0;0;0;0;0;0;0;0;0;0;0;7;0;0;0;0;0;0;1;0;0;3;0;2;0;0;1;1;0;0;0;0;0;0;0;0;0;0;2;0;0;0;0;0;0;0;0;0;0;0;1;0;0;0;0;0;0;0;0;0;0;0;0;0;0;0;0;0;0;0;0;0;0;0;0;0;0;0;0;0;0;0;0;0;0;0;0;0;0;0;0;0;0;0;0;0;0;0;0;0;0;0;0;0;0;0;0;0;0;0;0;0;0;0;2;0;0;0;0;0;0;0;0;1;0;0;0;0;0;0;0;0;0;0;0;0;0;0;0;0;0;0;0;0;0;0;0;0;0;1;1;0;17;0;0;0;0;0;0;0;0;0;0;0;0;3
29;0;0;0;0;0;0;0;0;0;0;0;0;0;0;0;0;0;0;9;0;4;0;0;0;0;0;0;10;0;0;0;0;0;0;0;0;0;0;0;0;0;0;0;1;0;0;0;0;0;0;0;0;0;0;0;0;1;0;0;0;0;0;0;0;0;0;0;0;0;0;0;0;0;0;0;0;0;0;0;0;0;0;0;0;0;0;0;0;0;0;0;0;0;0;0;0;0;0;0;0;0;0;0;0;0;0;0;0;6;0;0;0;0;0;0;0;0;0;0;0;0;0;0;0;0;0;0;0;0;0;1;0;0;0;0;0;0;0;0;0;0;2;0;0;0;0;0;0;0;0;0;0;0;0;0;1;1;5;0;0;0;0;0;0;0;0;0;0;0;0;2
30;0;0;0;0;0;0;0;0;0;1;0;0;0;0;2;0;0;2;0;1;1;0;1;0;3;0;7;0;2;2;0;0;0;0;1;0;2;0;0;0;1;0;0;1;1;0;0;0;0;0;0;0;0;0;1;0;1;0;0;0;0;0;0;0;0;0;0;0;0;0;0;0;0;0;0;0;0;0;0;0;0;0;0;0;0;1;0;0;0;0;0;0;0;0;0;0;0;0;0;0;0;0;0;0;0;0;0;0;0;0;0;0;0;0;0;0;0;1;0;1;0;0;0;0;0;0;0;0;1;0;0;0;0;0;0;0;0;0;0;0;0;1;0;0;0;0;1;0;3;0;0;4;0;0;1;0;0;23;0;0;0;0;0;0;0;0;0;0;0;0;8
31;0;1;0;0;0;0;0;0;0;0;0;0;0;0;2;0;0;0;2;0;0;5;0;7;0;4;2;0;0;0;3;0;0;0;0;0;0;0;0;0;0;0;0;0;0;0;1;0;0;0;0;1;0;1;0;0;0;0;0;0;0;0;3;0;0;0;0;0;0;0;0;0;0;0;0;0;0;0;0;0;0;0;2;0;0;0;0;0;0;0;0;0;0;0;0;0;0;0;0;0;0;0;0;0;0;0;0;0;0;0;0;1;0;0;0;0;0;0;0;0;0;0;0;0;0;0;0;0;0;0;0;0;0;0;0;2;0;0;0;0;0;1;0;0;0;0;2;0;3;0;3;2;1;0;6;0;1;21;2;0;0;0;0;0;0;0;0;0;0;0;2
32;0;0;0;0;0;0;0;0;0;0;0;0;0;0;0;0;0;0;1;0;0;0;0;1;0;0;2;0;1;0;3;2;0;0;0;0;0;0;0;0;0;0;0;0;0;0;0;0;0;0;1;0;0;0;0;0;0;0;0;0;0;0;0;0;0;0;0;0;0;0;0;0;0;0;0;0;0;0;0;0;0;0;0;0;0;0;0;0;0;0;0;0;0;0;0;0;0;0;0;0;0;0;0;0;0;0;0;0;0;0;0;0;0;0;0;0;0;0;0;0;0;0;0;0;0;0;0;0;0;0;0;0;0;0;0;0;0;0;1;0;0;0;0;0;0;0;0;0;0;0;0;0;0;0;0;0;1;7;0;0;0;0;0;0;0;0;0;0;0;0;0
33;0;0;0;0;0;0;0;0;0;0;0;0;0;0;0;0;0;0;0;0;0;1;2;21;4;0;0;0;5;1;2;0;5;2;0;0;0;0;0;0;0;0;6;0;0;0;0;0;0;0;0;0;0;0;0;0;1;0;0;0;0;0;0;0;0;0;0;0;0;0;0;0;0;0;0;0;0;0;0;0;0;0;0;0;0;0;0;0;0;0;0;0;1;0;0;0;0;0;0;0;0;0;0;0;0;0;0;0;1;0;0;0;0;0;0;0;0;0;0;0;0;0;0;0;0;0;0;0;0;0;0;0;0;0;0;1;0;0;0;0;0;0;0;0;0;0;0;2;0;0;0;0;0;0;4;0;0;18;3;0;0;0;0;0;0;1;0;0;0;0;2
34;0;0;1;0;0;0;0;0;0;0;0;0;0;0;0;0;0;0;0;0;3;1;2;1;0;0;0;0;1;0;0;3;0;0;0;0;0;0;0;1;0;0;0;0;0;0;0;0;0;0;0;0;0;0;4;0;0;0;0;0;0;0;0;0;0;0;0;0;0;0;0;0;0;0;0;0;0;0;0;0;0;0;0;0;3;0;0;0;0;0;0;0;0;0;0;0;0;0;0;0;0;0;0;0;0;0;0;0;0;1;0;0;0;0;0;0;0;3;0;1;0;0;0;0;0;0;0;0;0;0;0;0;0;0;0;0;0;0;0;0;0;0;0;0;0;0;0;0;0;0;0;0;0;0;1;0;1;4;0;0;0;0;0;0;0;0;0;0;0;0;1
35;0;0;0;0;0;0;0;0;0;0;0;0;1;0;0;5;0;0;1;0;1;6;0;3;2;0;7;6;0;1;3;4;0;10;0;3;0;1;0;1;0;0;0;1;0;0;0;0;0;0;0;0;0;0;0;0;0;0;0;0;0;0;0;0;0;0;0;0;0;0;0;0;1;0;0;1;0;0;0;0;2;0;0;0;0;0;0;0;0;1;0;0;0;0;0;0;0;0;0;0;0;0;0;0;0;1;0;0;0;0;0;0;0;0;0;0;0;0;0;0;0;0;1;0;0;0;0;0;1;0;0;0;0;0;0;0;0;0;1;0;0;0;0;0;0;0;0;0;0;0;0;1;0;0;1;0;1;17;0;0;0;0;0;0;0;2;0;1;0;0;5
36;0;0;0;0;0;0;0;0;0;0;0;0;0;0;0;0;0;0;0;0;0;0;0;3;0;0;0;0;1;0;3;0;0;0;1;6;0;0;0;0;0;0;0;0;0;0;0;0;0;0;0;0;0;0;0;0;0;1;0;0;0;0;0;0;0;0;0;0;0;0;0;0;0;0;0;0;0;0;0;0;0;0;0;0;0;0;0;0;0;0;0;0;0;0;0;0;0;0;0;0;0;0;0;0;0;0;0;0;0;0;0;0;0;0;0;0;0;0;0;0;0;0;0;0;0;0;0;0;0;0;0;0;0;0;0;0;0;0;0;0;0;0;0;3;0;0;0;0;0;0;0;0;0;0;3;0;0;7;0;0;0;0;0;0;0;0;0;0;0;0;1
37;0;0;0;0;0;0;0;0;0;0;0;0;0;0;1;0;0;0;1;0;0;3;0;4;2;3;4;0;2;4;0;0;0;6;0;0;1;0;0;0;0;0;0;0;0;0;0;0;0;0;0;0;0;0;1;0;0;0;0;0;0;0;0;0;0;0;0;0;0;0;0;1;0;0;0;0;5;0;0;0;0;0;0;0;0;0;0;0;0;0;0;0;0;0;0;0;0;0;0;0;0;0;0;0;0;0;0;0;1;0;0;0;0;0;0;0;0;1;0;1;0;0;0;0;0;0;0;0;0;0;0;0;0;0;0;0;0;0;0;1;0;0;0;0;0;0;0;2;0;0;2;1;1;0;2;2;0;13;0;0;0;0;0;0;0;0;0;0;0;0;3
38;0;0;0;0;0;0;0;0;0;0;0;0;0;0;1;1;0;0;2;0;0;3;0;2;0;0;2;1;1;0;1;0;0;1;0;1;0;0;0;0;0;0;1;1;0;0;0;0;0;1;0;0;0;4;1;0;1;0;0;0;0;0;0;0;0;1;0;0;0;0;0;0;0;0;0;0;0;0;0;0;0;0;0;0;0;0;4;0;0;0;0;0;0;0;0;0;0;0;0;0;0;0;0;0;0;0;0;0;0;0;0;0;0;0;0;0;0;0;0;1;0;0;0;0;0;0;0;0;0;0;0;0;0;0;0;0;0;0;0;0;0;0;0;0;0;0;0;0;0;0;0;1;0;0;0;0;0;5;0;0;0;0;0;0;0;0;0;0;0;0;3
39;0;0;0;0;0;0;0;0;0;0;0;0;0;0;3;0;0;0;0;0;0;0;0;0;0;0;1;0;0;0;1;3;0;1;0;1;0;0;0;0;0;0;0;4;0;0;0;0;0;0;0;0;0;2;0;0;0;0;0;0;0;0;0;0;0;0;0;0;0;0;0;0;0;0;0;1;0;0;0;0;0;0;0;0;0;0;0;0;0;0;0;0;0;0;0;0;0;0;0;0;0;0;0;0;0;0;0;0;0;0;0;0;0;0;0;0;0;0;0;1;0;0;0;0;0;0;0;0;0;0;0;0;0;0;0;0;0;0;0;0;0;0;0;0;0;0;0;1;0;0;0;0;0;0;0;0;1;10;0;0;0;0;0;0;0;0;0;0;0;0;2
40;0;0;0;0;0;0;0;0;0;0;0;0;0;0;0;2;0;0;1;0;0;0;0;4;0;0;5;1;9;0;1;3;0;0;0;0;0;0;0;0;0;0;0;0;0;0;0;0;0;0;0;0;0;1;1;0;0;0;0;0;0;0;0;0;0;0;0;0;0;0;0;0;0;0;0;0;0;0;0;0;0;0;0;0;0;0;0;0;0;0;0;0;0;0;0;0;0;0;0;0;0;0;0;0;1;0;0;0;0;0;0;0;0;0;0;0;0;0;0;0;0;0;0;0;0;0;0;0;0;0;0;0;0;0;0;0;0;0;0;0;0;0;0;0;0;0;0;0;0;0;0;0;0;0;0;0;0;16;0;0;0;0;0;0;0;0;0;0;0;0;2
41;0;0;0;0;0;0;0;0;0;0;0;0;0;0;0;0;0;0;0;0;0;0;0;0;0;1;2;1;0;0;1;0;0;0;0;1;0;0;0;0;1;0;0;0;0;0;0;0;0;0;0;0;0;0;0;0;0;0;0;0;0;0;0;0;0;0;0;0;0;0;0;0;0;0;0;0;0;0;0;0;0;0;0;0;0;0;0;0;0;0;0;0;0;0;0;0;0;0;0;0;0;0;0;0;0;0;0;0;0;0;0;0;0;0;0;0;0;0;0;0;0;0;0;0;0;0;0;0;0;0;0;0;0;0;0;0;0;0;0;0;0;0;0;0;0;0;0;0;0;0;0;0;0;0;0;0;0;6;0;0;0;0;0;0;0;0;0;0;0;0;2
42;0;0;0;0;0;0;0;0;0;0;0;0;0;0;0;0;0;0;0;0;0;0;0;0;0;0;0;0;0;10;0;0;0;0;0;0;0;2;0;0;0;0;0;0;0;0;0;0;0;0;0;0;0;0;0;0;0;0;0;0;0;0;1;0;0;0;0;0;0;0;0;0;0;0;0;0;0;0;0;0;0;0;0;0;0;0;0;0;0;0;1;0;0;0;0;0;0;0;0;0;0;0;0;0;0;0;0;0;0;0;0;0;1;0;0;0;0;0;0;0;0;0;0;0;0;0;0;0;1;0;0;0;0;0;0;0;0;0;0;0;0;0;1;0;0;0;0;0;0;0;0;0;0;0;0;0;0;5;2;0;0;0;0;0;0;0;0;0;0;0;1
43;0;0;0;0;0;0;0;0;0;0;0;0;0;0;0;0;0;1;0;0;0;1;0;1;1;0;0;0;0;0;0;0;0;4;0;0;0;0;0;0;0;0;1;0;0;0;0;0;0;0;0;0;0;0;0;0;0;0;0;0;0;0;0;0;0;0;0;0;0;0;0;0;0;0;0;0;0;0;0;0;0;0;0;0;0;0;0;0;0;0;0;0;0;0;0;0;0;0;0;0;0;0;0;0;0;0;0;0;0;0;0;0;0;0;0;0;0;0;0;0;0;0;0;0;0;0;0;0;0;0;0;0;0;0;0;0;0;0;0;0;0;0;0;0;0;0;0;0;0;0;0;0;0;0;0;0;0;1;0;0;0;0;0;0;0;0;0;0;0;0;1
44;0;0;0;0;0;0;0;0;0;0;0;0;0;0;0;0;0;0;0;0;0;0;0;1;0;0;1;0;0;7;0;0;0;0;0;3;0;0;0;0;1;0;0;0;0;0;0;0;0;0;0;0;0;0;0;0;0;0;0;0;0;0;0;0;0;0;0;0;0;0;0;0;0;0;0;0;0;0;0;2;0;0;0;0;0;0;0;0;0;0;0;0;0;0;0;0;0;0;0;0;0;0;0;0;0;0;0;0;0;0;0;0;0;0;0;0;0;0;0;0;0;0;0;0;0;0;0;0;0;0;0;0;0;0;0;0;0;0;0;0;0;0;0;0;0;0;0;0;0;0;1;0;1;0;1;0;0;3;0;0;0;0;0;0;0;0;0;0;0;0;2
51;0;1;0;0;0;0;0;0;0;0;0;0;0;1;0;0;0;0;0;0;0;0;0;0;0;0;0;0;0;0;0;0;0;0;0;0;0;0;0;6;71;2;2;3;4;6;4;9;0;6;1;0;0;4;2;0;4;0;0;34;0;0;0;0;0;2;0;3;6;8;0;9;0;0;0;0;1;0;0;3;0;0;0;0;0;0;1;0;0;0;0;0;4;3;0;0;0;0;0;0;0;0;0;1;0;0;1;0;0;0;0;0;0;0;0;0;0;0;0;0;0;0;0;0;0;0;0;0;2;0;1;0;0;0;1;0;0;1;0;0;0;0;0;0;0;0;0;0;0;0;1;2;0;0;0;0;0;2;0;0;0;0;0;0;0;0;0;0;1;0;29
52;0;1;1;0;0;0;2;0;0;0;0;0;2;0;0;0;0;1;0;0;0;0;0;0;0;0;0;3;0;0;1;0;0;3;0;0;0;0;2;0;32;23;3;9;1;6;3;0;0;58;1;46;4;19;0;4;22;0;0;12;0;0;2;0;0;4;0;1;3;1;1;2;1;3;0;5;6;0;0;1;1;0;1;0;1;0;1;0;1;3;0;2;8;1;0;1;0;0;1;0;2;0;1;0;9;3;0;0;5;1;0;1;1;7;3;2;0;6;0;11;0;16;5;0;0;0;2;0;19;4;2;3;0;1;2;15;13;19;0;0;1;0;0;0;2;0;1;0;3;0;2;3;0;0;5;0;0;43;2;1;1;5;0;1;4;7;0;0;1;1;80
53;0;7;1;0;0;0;0;0;0;4;1;0;0;0;0;0;0;4;1;0;2;1;0;1;0;0;2;3;0;0;1;0;1;1;0;0;0;0;80;4;0;4;34;40;22;30;42;38;11;37;2;6;1;17;12;6;7;0;0;67;1;0;8;2;2;5;0;13;15;15;3;19;1;4;1;13;15;0;1;4;10;4;1;0;6;0;1;0;3;1;1;2;5;5;0;4;0;1;0;0;1;3;0;5;2;0;0;0;3;0;2;0;1;0;0;2;1;0;0;6;0;4;5;1;0;0;0;0;6;0;1;2;10;1;3;3;6;1;0;0;2;0;0;0;3;0;0;0;1;0;3;7;0;0;5;0;0;49;4;0;2;6;2;0;2;19;0;0;4;2;151
54;0;4;0;0;0;0;4;0;0;0;3;0;0;0;0;0;0;0;0;0;0;0;0;0;0;0;0;0;0;0;0;0;0;0;0;0;0;0;0;19;10;0;0;2;0;1;2;0;0;18;1;15;0;9;0;1;33;0;0;2;0;0;2;1;1;0;0;3;2;2;0;0;0;4;0;5;5;0;0;3;4;0;0;2;0;0;0;0;0;0;0;0;3;3;0;1;0;0;1;0;1;0;0;0;0;0;0;1;0;1;2;3;0;0;3;0;0;6;0;14;0;9;3;1;0;1;0;0;27;0;0;3;2;0;4;1;18;31;0;0;0;0;0;0;0;0;0;0;0;0;3;0;6;0;2;0;0;26;2;0;0;8;0;0;0;5;0;0;7;0;70
55;0;0;0;0;0;0;0;0;0;1;0;0;0;0;0;2;0;0;0;0;0;0;1;0;0;0;3;0;0;0;0;0;0;0;0;0;0;0;2;1;24;0;0;6;1;3;0;0;14;3;0;0;0;3;10;4;5;1;7;1;0;0;0;0;0;1;0;7;0;2;0;2;0;0;0;0;0;0;0;8;0;1;0;0;0;0;0;2;0;0;0;0;4;0;0;1;0;1;0;0;1;0;0;2;0;0;0;0;0;0;0;1;0;0;0;0;0;0;1;2;0;0;0;0;0;0;0;0;4;0;2;0;0;1;1;2;2;0;0;0;0;0;0;0;0;0;0;0;0;0;0;0;0;0;0;0;0;4;0;0;0;1;1;0;0;3;0;0;4;0;38
56;0;1;0;0;0;0;0;0;1;0;0;0;0;0;0;0;0;0;1;0;0;0;0;0;0;0;0;0;1;0;0;3;0;0;0;0;0;0;5;8;33;1;4;0;15;6;2;4;0;23;12;13;14;15;2;26;7;0;0;8;1;0;0;1;0;1;0;4;4;8;0;7;1;0;0;1;3;1;0;0;4;1;1;2;1;1;0;1;2;4;0;0;7;0;1;3;0;6;0;0;0;5;0;2;3;0;0;0;0;0;0;0;0;0;1;1;0;1;0;6;0;8;3;0;0;1;2;0;6;0;2;0;1;0;3;2;0;2;0;0;2;0;4;0;1;0;0;0;3;0;10;12;0;0;0;0;2;38;3;0;0;3;0;5;0;4;1;0;0;2;67
57;0;0;0;0;0;0;0;0;0;0;0;0;0;0;0;0;2;0;0;0;0;0;0;0;0;0;0;0;0;0;2;0;0;0;0;0;0;0;2;1;14;0;3;4;0;0;0;0;0;3;1;0;0;0;0;27;3;0;0;0;0;0;0;0;0;0;0;1;0;0;0;0;0;0;0;1;0;0;0;0;1;0;0;0;0;0;0;0;0;0;0;0;0;0;0;0;0;0;0;2;0;0;0;0;0;0;0;0;1;2;0;0;0;0;0;0;0;0;0;1;0;0;0;0;0;0;0;0;1;0;0;0;4;0;0;0;0;1;0;0;0;0;0;0;0;0;0;0;4;0;5;1;1;0;0;0;0;8;0;0;0;1;0;0;0;1;0;0;0;0;9
58;0;0;0;0;0;0;0;0;0;0;0;0;0;0;0;0;0;0;2;0;0;0;0;0;0;0;0;0;0;0;0;0;0;0;0;0;0;0;5;2;19;0;8;2;1;0;4;3;2;5;0;0;0;3;4;3;0;0;4;3;1;0;5;0;0;0;0;7;6;1;0;3;2;0;0;11;1;0;0;0;3;5;0;0;0;0;0;0;1;0;0;0;0;2;0;0;0;0;0;0;1;0;0;1;0;0;0;0;3;0;1;0;0;0;0;0;0;0;0;1;0;1;7;1;0;0;0;0;2;0;2;0;0;1;0;0;1;1;0;0;1;0;0;0;0;4;0;0;0;0;1;0;0;0;0;0;0;4;1;0;0;4;0;0;0;1;0;0;0;0;28
59;0;0;0;0;0;0;0;0;0;0;0;0;0;0;0;0;0;0;0;0;0;0;0;0;0;0;0;0;0;0;0;0;0;0;0;0;0;0;5;0;31;3;9;2;1;7;0;3;0;6;0;0;0;0;1;0;1;0;5;1;0;0;0;0;0;2;0;5;0;3;0;1;0;0;0;6;0;0;0;0;3;0;0;0;0;0;0;0;0;1;0;0;0;0;0;0;0;1;0;0;1;0;0;0;0;0;1;1;0;0;0;1;0;0;0;0;0;0;0;0;0;0;0;0;0;0;0;0;1;0;0;0;0;0;0;2;1;1;0;0;0;0;0;0;0;0;0;0;0;0;0;1;0;0;0;0;0;2;0;0;0;0;0;0;0;0;0;0;0;0;11
60;0;0;0;0;0;0;0;0;1;3;0;0;0;0;0;0;1;0;0;0;0;0;0;0;0;0;0;0;0;0;0;0;0;0;0;0;0;0;3;1;34;1;2;2;1;2;9;0;2;1;0;1;0;2;0;0;2;0;0;0;2;4;2;1;0;3;0;1;5;5;0;11;0;0;1;4;2;0;1;2;0;3;0;0;0;0;0;0;1;1;0;0;2;0;0;0;0;0;0;0;0;0;0;0;0;0;0;0;0;0;0;0;0;0;0;0;0;0;0;0;0;0;0;0;0;0;0;0;2;0;2;0;0;0;0;2;0;0;0;0;0;0;0;0;0;0;0;0;1;0;0;0;0;0;0;0;0;0;0;0;0;0;0;1;0;0;0;0;0;1;14
61;0;0;0;0;0;0;0;0;0;0;0;0;0;0;0;0;1;0;0;0;0;0;0;0;0;0;0;0;0;0;0;0;0;0;0;0;0;0;2;0;2;0;4;0;0;2;0;0;0;0;0;0;0;0;3;0;0;0;5;0;0;0;0;0;0;1;0;0;1;1;0;2;0;0;0;0;0;0;0;0;0;2;0;0;0;0;0;0;0;0;0;0;0;0;0;0;0;0;0;0;0;0;0;0;0;0;0;0;0;0;0;0;0;0;0;0;0;0;0;0;0;0;0;0;0;0;0;0;0;0;0;0;0;0;0;0;0;0;0;0;0;0;0;0;0;0;0;0;0;0;1;0;0;0;0;0;0;0;0;0;0;0;0;0;0;0;0;0;0;0;2
62;0;2;2;0;1;0;0;0;1;1;0;0;0;0;0;0;0;3;0;0;0;0;0;1;0;0;0;0;0;0;0;0;0;4;0;0;0;0;11;67;61;23;14;50;6;8;0;12;0;0;3;23;4;64;5;3;17;0;3;30;0;1;12;2;0;7;0;11;3;16;0;7;2;6;0;17;10;0;5;0;9;5;2;2;1;0;1;0;5;0;2;0;2;8;0;8;0;2;0;0;2;0;0;4;3;0;1;1;5;0;5;1;6;0;1;6;1;1;0;9;0;7;2;0;0;4;1;0;24;0;4;10;2;1;5;10;11;16;0;0;6;0;0;0;1;0;0;0;5;0;6;3;0;0;0;0;0;49;2;0;1;11;1;1;1;6;0;0;3;1;223
63;0;1;0;0;0;0;0;0;0;0;0;0;1;0;0;0;0;0;0;0;0;0;0;0;0;0;0;0;0;0;0;0;0;0;0;0;0;0;3;6;8;3;3;5;1;0;0;0;0;5;0;2;1;8;0;2;1;0;1;11;0;0;4;0;0;0;0;0;1;0;0;0;0;0;0;0;0;0;4;1;1;0;0;0;0;0;0;0;0;0;0;1;2;0;0;0;0;0;0;0;0;0;0;0;0;0;0;0;0;0;0;0;0;0;0;0;0;0;0;0;0;3;0;0;0;0;0;0;1;0;0;0;0;0;0;0;2;0;0;0;4;0;0;0;0;0;0;0;0;0;0;1;0;0;0;0;0;5;0;0;0;0;0;0;0;0;0;0;1;0;7
64;0;0;0;0;0;0;0;0;0;0;0;0;0;0;0;0;0;0;0;0;0;0;0;0;0;0;0;0;0;0;0;0;0;0;0;0;0;0;4;26;2;3;0;1;2;3;0;1;0;14;4;0;0;5;0;1;4;0;0;3;0;0;3;2;0;0;0;2;3;1;0;2;0;0;0;3;0;0;0;0;0;0;0;2;0;0;0;0;0;2;0;0;2;2;0;0;0;0;0;0;0;0;0;0;0;0;6;1;1;1;2;0;1;0;0;1;0;4;1;9;0;10;1;1;0;0;0;0;5;0;0;1;0;0;0;7;4;5;0;0;16;0;0;0;1;1;0;0;1;0;6;4;1;1;1;0;4;22;4;0;0;0;0;0;0;0;0;0;0;0;32
65;0;0;6;0;0;0;0;0;0;0;2;0;0;5;0;0;0;0;0;0;1;0;0;0;0;1;0;0;0;0;0;0;0;0;0;1;0;0;1;1;3;5;0;5;0;0;0;0;1;0;0;0;0;0;0;1;0;0;0;2;0;0;0;0;0;1;0;0;0;1;0;1;0;0;0;7;0;0;0;0;0;0;0;1;1;0;0;0;0;2;0;3;0;0;0;0;0;0;0;0;5;0;0;0;1;0;0;0;0;0;1;1;0;0;0;0;0;0;0;3;0;0;0;0;0;1;0;0;3;1;0;0;0;0;0;0;0;1;0;0;3;0;2;0;0;0;0;7;0;0;2;0;0;0;0;0;0;12;0;0;0;2;0;0;0;0;2;0;1;0;14
66;1;2;1;1;0;0;2;0;0;0;0;0;2;1;0;0;0;0;1;0;0;0;0;1;0;0;0;0;0;0;0;0;0;0;0;0;2;0;6;32;41;12;7;18;0;10;4;14;0;117;8;5;5;0;8;3;42;3;0;12;0;0;19;13;0;17;0;3;8;30;5;40;0;0;0;16;34;0;0;1;4;5;2;1;1;4;2;1;2;5;1;0;8;12;0;15;1;3;1;4;6;2;0;5;4;8;5;0;8;0;3;1;1;1;0;6;0;7;0;8;1;3;4;0;0;0;2;0;44;6;2;7;8;1;5;19;14;11;0;0;0;0;0;0;2;0;0;2;0;0;1;6;0;0;6;0;1;34;2;0;4;36;0;1;4;24;0;1;5;2;451
67;0;1;0;0;0;0;0;0;0;0;0;0;0;0;0;0;0;0;0;0;1;2;0;0;0;0;1;0;0;0;0;3;0;0;0;0;0;0;0;0;23;0;4;1;0;3;1;1;12;6;0;0;0;0;0;0;1;7;4;0;0;0;3;1;0;2;0;0;1;1;0;0;0;0;0;0;0;0;2;0;2;1;0;1;0;0;2;0;0;0;0;0;0;2;0;0;0;0;0;0;0;0;0;1;0;0;0;0;0;0;0;0;1;0;3;1;0;0;0;0;0;0;0;0;0;1;0;0;4;0;0;0;0;0;0;1;0;1;0;0;0;0;0;5;2;0;0;0;0;0;0;1;0;0;0;1;0;6;0;0;0;0;0;0;0;0;0;0;0;0;29
68;0;0;0;0;0;0;0;0;0;1;0;0;0;0;0;0;0;0;0;0;0;0;0;0;0;0;0;0;0;0;0;0;0;0;0;0;0;0;0;0;14;0;0;21;37;7;3;1;0;5;2;3;1;1;0;0;1;0;0;7;0;0;0;0;0;1;0;6;0;0;2;1;0;0;0;0;0;0;0;1;1;9;0;0;1;2;0;0;0;0;0;1;0;3;0;3;0;0;0;0;0;0;0;0;1;0;0;0;0;0;0;0;0;0;0;0;0;0;0;0;0;0;0;0;0;0;0;0;4;0;0;1;0;0;0;2;0;0;0;0;0;0;0;0;2;0;0;0;0;0;1;0;2;0;0;1;0;14;0;0;0;3;0;0;0;0;0;0;0;0;22
69;0;0;5;0;2;0;1;0;1;0;0;0;1;1;0;0;0;0;0;0;1;1;0;0;1;0;0;0;6;0;0;1;2;0;0;1;0;0;6;30;22;37;2;12;0;5;0;2;0;24;8;8;2;44;1;0;0;0;0;7;0;0;5;2;3;3;0;1;8;6;2;6;2;3;0;8;7;0;0;1;0;0;4;0;1;3;0;0;0;3;0;1;15;7;2;5;0;1;0;1;2;0;0;5;3;2;3;1;3;0;1;1;0;0;0;0;0;0;0;18;0;5;9;1;0;0;2;0;67;0;4;2;6;0;5;22;13;20;0;0;0;0;0;0;0;0;0;0;0;1;0;4;0;1;2;0;1;37;6;0;0;5;1;2;3;7;0;1;2;0;205
70;0;0;0;0;0;0;0;0;0;0;0;0;0;0;0;0;0;0;0;0;0;0;0;0;0;0;0;0;0;1;0;0;0;0;0;0;0;0;0;0;2;0;5;0;0;0;0;1;0;0;0;0;0;0;5;0;0;0;2;0;0;0;0;0;0;0;0;0;0;0;0;1;0;0;0;0;0;0;0;1;0;0;0;0;0;0;0;0;0;0;1;0;0;0;0;0;0;0;0;0;0;0;0;0;0;0;0;0;0;0;0;0;0;0;0;0;0;0;0;0;0;0;0;0;0;0;0;0;0;0;0;0;0;0;0;0;0;0;0;0;0;0;0;0;0;0;0;0;0;0;0;0;0;0;0;0;0;1;0;0;0;0;0;0;0;0;0;0;0;0;3
71;0;0;0;0;0;0;0;0;0;0;0;0;0;0;0;0;0;0;0;0;0;0;0;0;0;0;0;0;0;0;1;0;0;0;0;0;0;0;1;2;3;0;2;2;0;3;3;2;6;0;0;0;0;0;9;0;1;4;0;1;0;0;0;0;0;0;0;0;0;1;0;0;0;0;0;1;0;0;0;2;0;1;0;0;0;0;0;0;0;0;0;0;0;0;0;0;0;0;0;0;0;0;0;0;0;0;0;0;0;0;0;0;0;0;0;0;0;0;0;1;0;0;0;0;0;0;0;0;0;0;0;0;0;0;0;0;1;0;0;0;0;0;0;0;0;0;0;0;0;0;0;0;0;0;0;0;0;7;0;0;0;0;0;0;0;0;0;0;0;0;6
72;0;0;1;0;0;0;0;0;0;0;0;0;0;0;0;0;0;3;0;0;0;3;0;0;0;0;0;1;0;0;0;0;0;0;0;0;0;0;19;1;46;1;4;9;0;2;1;3;1;10;5;2;5;9;3;0;2;0;0;0;0;0;2;0;0;0;0;5;1;1;1;3;0;0;0;4;0;0;0;1;3;0;0;0;0;0;0;1;0;0;0;0;1;0;0;0;0;1;0;0;0;0;0;2;0;0;0;0;0;1;4;0;0;0;0;1;0;2;0;2;0;2;0;1;0;0;0;0;0;0;0;0;0;0;0;1;3;1;0;0;0;0;0;2;0;0;0;0;0;5;0;0;0;0;3;0;0;3;0;1;0;3;2;1;0;0;0;0;2;0;26
81;0;0;0;0;0;0;0;0;0;0;0;0;1;0;0;0;0;0;0;0;0;0;0;0;0;0;0;0;0;0;0;0;0;0;0;0;0;0;0;0;0;0;0;0;0;0;2;0;0;0;0;0;0;0;0;0;0;0;0;0;0;0;0;0;0;0;0;1;0;0;0;0;0;0;0;0;0;0;0;5;1;1;0;0;0;0;0;0;0;0;0;0;0;2;0;0;0;0;0;0;0;0;0;0;0;0;0;0;0;0;0;0;0;0;0;0;0;0;0;0;0;1;0;0;0;0;0;0;0;0;0;0;0;0;0;0;0;1;0;0;0;0;0;0;0;0;0;0;0;0;0;0;0;0;0;0;0;0;0;0;0;0;0;0;1;0;0;0;0;0;0
82;0;0;0;0;3;0;0;0;0;0;0;0;0;0;0;0;0;0;0;0;0;0;0;0;0;0;0;0;0;0;0;0;0;0;0;0;0;0;0;0;3;0;0;0;1;0;0;0;0;0;0;0;0;0;0;0;0;0;0;0;0;0;12;1;2;1;3;3;1;0;0;0;0;6;0;4;0;0;0;0;3;0;0;0;0;0;0;0;0;0;0;0;0;0;0;0;0;4;0;0;0;0;0;0;0;0;1;0;0;0;0;0;0;0;0;0;0;0;0;0;0;0;0;0;0;0;0;0;0;0;0;1;0;0;2;0;0;0;0;0;0;0;0;0;0;0;0;0;0;0;0;0;0;0;0;0;0;0;0;0;0;0;0;0;0;0;0;1;0;0;12
83;0;2;1;0;0;0;0;0;0;1;0;0;0;1;0;2;0;0;0;0;0;0;0;0;0;0;0;1;0;0;0;0;0;0;0;0;0;0;0;1;5;1;1;0;0;3;0;0;4;5;0;1;0;2;0;0;3;0;0;2;0;5;0;22;4;15;2;3;3;10;2;1;0;15;5;50;6;1;0;2;3;0;0;0;1;0;3;0;0;0;0;0;6;2;0;1;0;0;0;0;1;0;0;0;1;1;0;0;1;0;0;0;0;0;1;0;0;2;2;2;0;0;1;2;0;0;0;0;2;0;3;1;1;0;1;5;3;2;0;0;0;0;0;0;0;0;0;0;0;0;4;1;0;0;0;0;0;5;1;0;0;11;0;3;0;4;2;5;4;1;82
84;0;1;0;0;0;0;0;0;0;0;0;0;0;0;1;0;0;0;0;0;0;0;0;0;0;0;0;0;0;0;0;0;0;0;0;0;0;0;0;1;1;3;0;0;0;4;0;0;0;1;0;0;0;3;2;0;1;0;0;0;0;2;28;0;3;4;1;1;2;6;0;0;0;0;0;30;1;0;0;0;4;0;0;0;0;0;0;0;0;1;0;0;4;0;0;0;0;0;0;0;0;1;0;0;2;0;0;0;0;0;0;0;2;0;1;5;0;0;0;1;0;0;0;0;0;0;0;0;4;0;0;0;0;0;0;1;1;1;0;0;0;0;0;0;0;0;0;0;0;0;0;2;0;0;0;0;0;2;0;0;0;2;3;1;0;0;1;0;2;0;36
85;0;0;0;1;0;0;0;0;0;0;0;0;0;0;0;0;0;0;0;0;0;0;0;0;0;0;0;0;0;0;0;0;0;0;0;0;0;0;0;0;2;0;0;0;0;0;0;0;0;0;0;0;0;1;0;0;0;0;0;0;0;0;10;4;0;3;11;0;0;3;0;0;3;11;0;8;1;0;0;1;0;0;0;0;0;0;0;0;0;0;0;0;1;0;0;0;0;0;0;0;0;0;0;0;0;0;0;0;0;0;3;0;0;0;0;0;0;0;0;0;0;0;2;0;0;0;0;1;0;0;0;1;0;0;1;0;0;0;0;0;0;0;0;0;0;0;0;0;0;0;1;0;0;0;0;0;0;0;2;0;0;3;1;1;0;1;0;1;1;0;22
86;0;2;2;0;0;0;0;0;0;0;0;0;0;0;0;0;0;0;1;0;0;2;0;0;0;0;0;0;0;0;1;0;0;0;0;0;1;0;2;6;12;0;3;4;0;1;2;5;0;3;2;0;4;12;0;0;2;0;1;2;3;0;13;5;0;0;1;9;12;35;5;11;5;0;4;31;8;1;7;7;42;1;0;0;0;0;0;0;0;0;0;0;0;1;0;0;0;0;0;0;0;0;0;0;0;0;0;4;0;5;3;1;0;0;2;0;5;1;2;1;0;0;0;1;0;0;0;1;5;0;0;0;0;0;1;1;0;0;0;0;0;0;2;1;0;0;0;0;0;0;0;1;0;0;0;0;0;6;1;0;1;6;0;3;1;2;0;0;1;1;47
87;0;0;0;0;0;0;0;0;0;0;0;0;1;0;0;0;0;0;0;0;0;0;0;0;0;0;0;0;0;3;0;0;0;0;0;0;0;0;0;0;0;0;0;0;0;0;0;0;0;0;0;0;0;0;0;0;1;0;0;0;0;0;2;0;0;1;0;0;0;0;0;0;0;1;0;7;0;0;0;0;0;0;0;0;0;0;0;0;0;0;0;0;0;0;0;0;0;0;0;0;0;0;0;0;0;0;0;0;2;0;0;0;0;0;0;0;0;0;0;0;0;0;0;0;0;0;0;0;0;0;0;0;0;0;0;0;0;0;0;0;0;0;0;0;0;0;0;0;0;0;0;0;0;0;0;0;0;1;0;0;0;0;0;0;3;0;0;0;0;0;4
88;0;2;1;0;0;0;0;0;0;1;0;2;0;0;0;3;0;1;1;0;0;0;0;1;0;0;0;0;0;0;0;0;0;0;0;0;0;0;4;0;22;0;1;5;0;9;7;0;0;3;0;0;0;1;0;0;0;0;4;7;3;0;2;0;1;13;0;0;7;9;0;2;6;0;1;7;3;0;0;7;2;0;0;0;0;0;0;2;2;0;0;0;1;0;0;0;0;0;0;0;0;0;0;0;0;0;1;0;0;0;0;0;0;0;0;0;0;0;0;0;0;0;0;0;0;0;0;0;3;1;0;0;0;0;1;0;5;0;0;0;0;0;0;0;1;0;0;0;0;0;0;0;0;0;1;0;0;4;0;0;0;0;0;0;0;0;0;0;1;1;10
89;0;0;0;0;0;0;0;0;0;0;0;0;0;0;0;0;0;0;0;0;0;0;0;0;0;0;0;0;1;0;0;0;0;0;0;0;0;0;1;4;26;0;0;5;1;2;11;15;0;4;0;0;0;3;2;2;2;0;1;5;0;0;6;0;2;14;0;10;0;38;5;20;3;0;0;6;7;0;0;9;15;0;0;0;0;0;2;0;0;3;0;1;0;2;0;1;0;1;0;0;0;0;0;0;0;0;0;0;1;1;0;0;0;1;0;0;5;0;0;3;0;1;0;0;0;0;0;1;4;0;0;1;0;1;0;0;0;1;0;0;0;0;0;0;0;0;0;0;0;0;0;2;0;0;0;0;0;5;0;0;0;1;0;0;0;0;2;0;1;0;30
90;0;2;0;0;0;0;5;0;0;0;0;0;0;0;0;0;0;0;0;0;0;6;0;0;0;0;0;0;1;0;0;0;0;0;0;0;0;0;4;7;39;2;4;1;1;7;1;17;1;9;0;0;0;14;3;0;7;0;0;3;0;0;20;4;3;20;0;8;16;0;1;20;1;0;5;18;23;1;1;7;13;2;0;0;4;0;1;0;0;2;0;1;4;4;0;2;0;0;0;0;0;0;0;0;0;0;0;0;0;0;1;0;3;0;0;0;0;4;0;1;0;1;3;0;0;0;0;0;9;1;4;4;2;1;0;3;6;2;0;1;0;0;0;0;0;0;1;0;0;0;2;2;0;0;0;0;0;9;0;0;1;10;0;0;0;3;0;3;0;0;72
91;0;0;0;1;0;0;0;0;1;0;0;0;0;3;0;0;0;0;2;0;0;0;0;0;0;0;0;0;0;0;0;0;0;1;0;0;0;0;0;4;8;0;2;1;0;0;1;2;0;1;0;0;1;0;0;0;2;0;0;0;3;0;2;2;0;8;0;0;0;2;0;1;9;1;1;3;2;2;3;1;3;0;0;0;0;0;0;0;0;0;0;0;0;0;0;2;0;0;0;0;0;0;0;0;0;0;0;0;0;0;0;1;0;0;0;0;0;0;0;2;0;0;0;0;0;0;0;0;3;0;0;0;0;0;0;0;0;0;0;0;0;0;0;0;0;0;0;0;0;0;0;0;0;0;0;0;0;7;2;0;0;1;0;1;0;1;0;0;0;0;15
92;0;2;1;2;0;0;0;0;1;0;0;0;0;0;0;0;0;0;0;0;2;0;0;0;0;0;0;0;0;0;2;1;0;0;0;0;0;0;1;5;44;2;5;2;0;4;0;7;4;18;0;2;0;16;0;1;0;4;3;11;0;2;5;0;0;10;0;5;12;20;1;0;0;0;0;10;20;0;1;1;21;2;0;0;2;0;1;1;1;2;2;1;7;5;1;1;0;0;0;0;1;1;0;1;0;0;0;1;0;0;0;0;0;2;0;0;0;3;0;2;0;1;0;0;0;0;0;0;8;1;0;0;2;0;1;9;1;2;0;0;1;0;0;0;0;0;0;0;0;0;1;3;0;0;0;0;0;9;0;2;1;10;0;1;0;2;0;0;1;0;80
93;0;0;0;0;0;0;0;0;0;0;0;0;0;0;0;0;0;0;0;0;0;0;0;0;0;0;0;0;0;0;0;0;0;0;0;0;0;0;0;0;7;0;0;0;0;6;0;0;0;1;0;0;0;0;3;0;1;0;0;0;0;0;3;0;0;1;0;4;0;4;10;3;0;0;0;1;1;6;9;0;5;0;0;0;0;0;0;0;0;0;0;0;0;2;0;0;0;0;0;0;0;0;0;0;0;0;0;0;0;0;0;0;0;0;0;0;2;0;0;3;0;0;0;0;0;0;0;0;1;0;2;0;0;0;2;0;0;4;0;0;0;0;0;0;0;0;0;0;0;0;0;0;0;0;0;0;0;2;0;0;0;0;2;0;0;0;0;0;1;1;7
94;1;0;0;0;3;0;0;0;0;0;0;0;0;0;0;0;0;0;0;0;0;0;0;0;0;0;0;0;0;0;3;0;2;0;0;0;0;0;0;0;0;0;0;0;0;0;1;0;0;0;0;0;0;0;0;0;1;0;0;0;0;10;7;1;6;1;3;0;0;5;0;2;0;0;0;13;0;0;0;1;0;0;0;0;0;0;0;0;0;0;0;0;0;0;0;0;0;0;0;0;0;0;0;2;0;0;0;1;0;0;0;0;0;0;0;0;0;0;0;0;0;0;0;0;0;0;0;0;1;0;0;0;0;0;0;0;2;0;0;0;0;0;0;0;0;0;0;0;0;0;0;0;4;0;0;0;0;2;0;0;0;3;0;1;0;1;0;0;0;1;17
95;0;0;0;0;0;0;0;0;0;0;0;0;0;0;0;0;0;0;0;0;0;0;0;0;0;0;0;0;0;0;0;0;0;0;0;0;0;0;2;0;1;0;0;0;0;0;0;0;0;0;0;0;0;0;0;0;0;0;0;0;0;0;0;0;0;4;1;0;1;0;0;0;0;2;0;1;1;0;1;0;1;0;0;0;0;0;0;0;0;0;0;0;0;0;0;1;0;2;0;0;0;0;0;0;1;0;0;0;0;0;0;0;0;0;0;0;0;0;0;2;0;0;0;0;0;0;0;0;1;0;0;0;0;0;0;0;0;0;0;0;0;0;0;0;0;0;0;0;0;0;0;0;0;0;0;0;0;1;0;0;0;0;0;0;0;0;0;0;0;0;10
96;0;1;4;0;0;0;0;0;4;0;0;0;7;0;0;0;0;0;1;0;0;2;0;0;0;0;0;0;0;0;0;0;0;0;0;0;0;0;3;3;17;4;1;5;1;0;2;1;0;26;0;1;0;14;0;4;1;0;0;6;5;10;115;48;15;33;6;3;4;15;3;15;4;22;1;0;18;6;2;4;24;1;0;1;3;0;2;0;0;2;0;1;2;3;0;2;0;0;1;0;0;0;0;1;2;0;1;7;1;2;3;2;1;0;1;2;0;8;0;4;1;0;1;2;0;0;1;1;7;0;6;7;1;2;3;3;5;1;0;1;0;1;0;0;2;0;1;0;0;0;0;2;0;0;1;0;0;17;1;1;2;38;6;13;0;24;0;2;6;4;265
97;0;1;0;0;0;0;0;0;0;0;0;0;0;4;0;0;0;0;0;0;0;0;0;0;0;0;0;0;3;0;0;1;0;0;0;0;0;0;3;2;18;1;0;6;1;0;0;14;0;13;0;0;0;21;0;1;5;0;0;4;2;0;9;1;0;2;0;3;22;17;1;22;6;6;0;17;0;0;0;1;2;0;0;0;2;0;0;0;4;2;0;0;8;6;0;2;0;1;2;0;2;0;0;3;2;0;0;0;8;0;0;0;2;0;0;1;1;0;0;7;0;1;0;0;0;0;0;0;6;1;2;0;2;0;0;5;2;7;0;0;1;0;0;0;0;0;0;0;1;0;2;5;0;0;0;0;0;9;0;0;0;12;2;2;0;3;1;1;1;1;111
98;0;0;0;0;0;0;0;0;0;0;0;0;0;0;0;0;0;0;0;0;0;0;0;0;0;0;0;0;0;0;0;0;0;0;0;0;0;0;0;0;0;0;0;0;0;0;0;0;0;0;0;0;0;0;0;0;0;0;0;0;0;0;0;0;0;1;0;0;0;0;3;0;5;0;0;0;0;0;6;0;1;0;0;0;0;0;0;0;0;0;0;0;0;0;0;0;0;0;0;0;0;0;0;0;0;0;0;0;0;0;0;0;0;0;0;0;0;0;0;0;0;0;0;0;0;0;0;0;0;0;0;0;0;0;0;0;0;0;0;0;0;0;0;0;0;0;0;0;0;0;0;0;0;0;0;0;0;1;0;0;0;0;0;0;0;0;0;0;0;0;4
99;0;0;0;0;0;0;0;0;0;0;0;1;0;0;0;0;0;0;0;0;0;0;0;0;0;0;0;0;0;0;0;0;0;0;0;0;0;0;0;0;1;0;0;0;0;3;0;1;0;1;0;0;0;0;0;0;0;0;0;0;0;0;0;0;0;3;0;5;2;6;4;1;6;0;0;5;0;0;0;1;7;0;0;0;0;0;0;0;0;0;0;0;0;0;0;1;0;0;0;0;0;0;0;0;0;0;0;0;0;0;0;0;0;0;0;0;0;0;0;1;0;0;0;0;0;0;0;0;0;0;0;0;0;1;0;0;0;0;0;0;0;0;0;0;0;0;0;2;0;0;0;0;0;0;0;0;0;2;0;0;0;1;0;1;0;0;0;0;0;0;14
100;0;0;0;0;0;0;0;0;1;0;0;0;0;0;0;0;0;1;0;0;0;0;0;0;0;0;0;0;2;0;0;0;0;0;0;0;0;0;2;3;12;0;1;3;1;6;0;1;0;3;1;1;1;0;0;2;0;0;0;1;1;0;0;0;0;0;0;8;3;2;0;1;0;0;0;4;0;0;0;0;3;9;0;0;0;0;3;1;0;0;0;0;1;0;0;0;0;0;0;0;0;0;0;1;1;0;0;0;0;0;0;0;0;0;0;0;0;0;0;0;0;0;0;0;0;0;0;0;0;0;0;0;0;0;0;2;0;0;0;0;0;0;0;0;0;0;0;0;0;0;1;0;0;0;1;0;0;1;0;0;0;0;0;0;0;0;0;0;0;0;11
101;0;0;0;0;0;0;1;0;0;0;0;0;0;1;0;0;0;0;0;0;0;0;0;0;0;0;0;0;0;0;0;0;0;0;0;0;0;0;1;1;14;0;2;0;0;1;0;3;1;7;1;0;0;5;0;1;3;0;0;1;6;0;7;3;1;31;0;1;10;13;12;4;4;1;1;5;4;2;4;3;0;1;0;0;0;0;1;0;0;0;0;0;4;1;0;0;0;0;0;0;0;0;0;0;1;0;1;0;0;0;1;0;0;0;0;0;0;0;0;6;0;0;5;0;0;0;0;0;0;0;0;0;2;0;0;6;0;0;0;0;0;0;1;0;0;0;0;0;0;0;0;0;0;0;0;0;0;3;0;0;1;4;1;0;0;1;0;0;1;0;30
102;0;0;0;0;0;0;0;0;0;0;0;0;0;0;0;0;0;0;0;0;0;0;0;0;2;0;0;0;0;0;0;0;0;0;0;0;0;0;0;0;6;0;2;0;0;2;0;0;0;1;0;2;0;0;2;1;0;0;0;0;0;0;0;0;0;1;0;0;4;0;0;0;0;0;0;1;0;0;1;5;0;0;0;0;0;0;0;0;0;0;0;0;0;0;0;0;0;0;0;0;2;0;0;0;0;0;0;0;0;0;0;0;0;0;0;2;0;0;0;0;0;0;0;0;0;0;0;2;0;0;0;0;0;0;0;0;0;0;0;0;0;0;0;0;0;0;0;0;0;0;0;0;0;0;0;0;0;2;0;0;0;0;0;0;0;0;0;0;0;0;2
111;0;3;0;0;0;0;0;0;0;0;0;0;0;0;0;0;0;0;0;0;0;0;0;0;0;0;0;0;0;0;0;0;0;0;0;0;0;0;0;0;4;0;0;2;0;0;0;0;0;0;0;1;0;0;0;0;1;0;0;0;1;0;0;0;1;4;0;0;0;0;0;1;0;4;0;2;1;0;0;0;0;0;0;2;0;11;4;3;18;7;3;6;72;7;0;0;0;0;0;0;1;0;0;0;0;0;0;0;0;1;0;1;1;0;0;0;23;14;11;8;0;0;7;4;0;0;1;0;2;0;0;1;4;3;0;4;2;0;0;0;0;0;0;0;0;0;0;0;1;0;0;0;0;0;1;1;0;3;0;1;0;0;0;0;0;0;0;0;0;0;17
112;0;0;2;0;0;0;0;0;0;0;0;0;0;0;0;0;0;0;0;0;0;0;0;0;0;0;0;0;0;0;0;0;0;0;0;0;0;0;0;2;0;0;0;0;0;0;0;0;0;0;0;0;0;1;0;0;1;0;0;0;0;0;1;0;0;0;0;0;0;0;0;0;0;0;0;0;0;0;0;0;1;0;5;0;35;3;15;8;12;44;1;18;31;0;0;0;0;0;0;0;1;0;0;0;3;4;0;23;0;1;2;3;6;1;0;5;0;1;4;1;0;0;6;0;0;0;0;0;2;3;3;0;2;1;0;14;3;1;0;0;0;0;0;0;0;0;0;0;0;0;0;0;0;0;0;8;0;9;0;0;1;0;0;0;0;0;0;0;2;0;24
113;0;0;0;0;2;0;1;0;0;0;0;0;0;0;0;0;0;0;0;0;0;0;0;1;0;0;0;0;0;0;0;0;0;0;0;0;0;0;0;2;0;3;0;0;0;0;0;0;0;0;0;0;0;1;0;1;1;0;0;1;0;0;0;0;0;0;0;0;0;0;0;0;0;0;0;1;0;0;0;0;0;0;9;22;0;1;7;8;35;79;1;10;58;0;0;0;0;0;3;1;1;1;0;1;0;1;0;6;1;4;1;2;3;5;1;2;3;0;0;2;0;2;4;0;0;0;1;0;4;3;1;1;3;0;1;9;2;1;5;0;0;3;0;0;0;0;0;0;0;0;1;0;0;0;1;0;0;5;2;0;0;0;0;0;0;5;0;0;0;0;26
114;0;0;0;0;0;0;0;0;0;0;0;0;0;0;0;0;0;0;0;0;0;0;0;1;0;0;0;0;0;0;0;0;0;0;0;0;0;0;0;0;0;4;0;0;0;0;0;0;0;0;0;0;0;0;0;0;0;0;0;0;0;0;0;0;0;0;0;0;0;0;0;0;0;0;0;0;0;0;0;0;0;0;5;0;6;0;1;0;4;7;0;28;7;0;0;0;0;0;0;0;0;0;1;0;1;0;0;0;0;0;1;0;1;0;0;5;10;1;2;0;0;0;7;3;2;5;1;1;1;0;0;0;0;0;0;2;3;1;0;0;0;0;0;0;0;0;0;0;0;0;0;0;0;0;2;6;0;5;1;0;0;0;0;0;0;3;0;0;0;0;2
115;0;1;0;0;0;0;0;0;0;0;0;0;0;0;0;0;0;0;0;0;0;0;0;0;0;0;0;1;0;0;0;0;0;0;0;0;0;0;0;2;5;2;0;0;0;0;0;0;0;2;0;2;0;2;0;0;2;0;0;0;0;0;0;0;0;0;0;0;1;2;0;2;2;0;0;2;0;0;0;0;1;0;9;14;14;0;0;18;30;11;10;13;85;0;0;1;0;0;0;0;3;0;0;1;4;0;0;7;2;7;2;8;4;1;0;1;8;7;9;2;0;5;15;2;0;2;2;2;4;5;7;2;0;9;5;44;10;3;0;0;0;0;0;0;1;0;0;1;3;0;0;1;0;0;1;1;0;11;0;0;0;1;1;1;0;1;0;0;0;0;40
116;0;0;0;0;0;0;0;0;0;0;0;0;0;0;0;0;0;0;0;0;0;0;0;0;0;0;0;0;0;0;0;0;0;0;0;0;0;0;0;0;0;1;0;0;0;0;0;0;0;0;1;0;0;0;0;0;0;0;0;0;0;0;0;0;1;0;0;0;0;0;0;0;0;0;0;0;0;0;0;0;0;0;6;5;6;3;14;0;7;5;0;6;21;0;0;0;0;0;0;0;1;0;0;0;0;1;0;7;0;4;2;12;3;6;0;1;1;1;0;2;0;0;5;0;0;0;0;2;0;2;1;0;1;0;1;11;1;3;0;0;0;0;0;0;0;0;0;0;0;0;1;0;0;0;0;1;0;3;0;0;1;1;0;0;0;0;0;2;0;0;14
117;0;0;0;0;0;0;0;0;0;0;0;0;0;0;0;0;0;0;0;0;0;0;0;0;1;0;0;0;0;0;0;0;0;0;0;0;0;0;5;2;5;4;1;6;0;1;0;0;0;0;0;0;0;6;0;0;5;0;0;2;0;0;0;0;1;0;0;0;0;1;0;0;1;1;0;0;0;0;2;2;0;0;23;16;30;5;26;15;0;44;3;29;101;0;0;0;1;0;0;0;2;0;0;0;0;0;1;7;1;1;0;8;5;1;0;2;7;1;6;5;0;0;14;2;0;0;3;0;1;0;1;0;2;2;3;22;6;0;0;0;0;0;0;0;0;0;0;0;0;0;4;0;0;0;1;1;0;8;0;0;0;2;1;1;0;2;0;0;0;0;40
118;0;2;1;0;0;0;0;0;1;1;0;0;0;0;0;0;0;0;1;0;0;0;0;0;0;0;0;0;0;0;0;0;0;0;1;0;0;0;0;0;3;0;0;3;0;1;1;1;0;0;0;0;1;5;0;0;3;0;0;0;0;0;0;0;0;0;0;0;0;0;0;0;0;2;0;2;4;0;0;0;0;1;6;28;71;4;10;9;21;0;2;50;67;0;0;4;1;0;1;0;7;2;0;3;6;1;0;15;1;6;2;4;7;0;0;2;3;0;3;7;0;0;5;0;0;3;0;0;5;7;0;3;3;1;3;27;4;1;0;0;0;0;0;0;0;0;1;0;0;0;0;0;0;0;0;4;0;10;2;0;0;5;1;1;0;1;0;0;2;0;54
119;0;0;0;0;0;0;0;0;0;0;0;0;0;0;0;0;0;0;0;0;0;0;0;0;0;0;0;0;0;0;0;0;0;0;0;0;0;0;0;0;0;0;0;0;0;0;0;0;0;1;0;0;0;1;0;0;1;0;0;0;0;0;0;0;0;1;0;0;0;0;0;1;0;0;0;0;0;0;0;0;0;0;6;0;0;0;2;1;5;0;0;0;23;0;0;1;0;0;0;0;0;0;0;0;0;0;0;0;0;0;0;0;1;0;0;1;0;3;2;1;0;0;11;0;0;0;0;0;1;0;0;4;0;0;0;8;1;0;0;0;4;0;0;0;0;0;0;0;0;0;0;0;0;0;0;0;0;4;0;0;0;0;0;0;0;0;0;0;0;1;15
120;0;0;0;0;0;0;0;0;1;0;0;0;0;0;0;0;0;0;0;0;0;0;0;0;0;0;0;0;0;0;0;0;0;0;0;0;0;0;0;0;2;0;0;0;0;0;2;0;0;1;0;0;0;4;0;0;0;0;0;0;0;0;1;0;0;0;0;0;0;0;0;0;0;0;0;1;0;0;0;0;0;0;16;12;14;26;10;3;18;58;1;0;37;0;0;0;0;1;1;0;2;0;0;0;2;2;1;13;2;1;3;2;3;1;2;4;7;2;1;7;0;3;2;2;0;2;5;0;2;7;1;0;1;1;0;20;4;0;0;0;0;0;0;0;0;0;0;0;0;0;0;0;0;0;1;9;0;5;0;0;0;1;0;0;0;2;0;0;1;0;40
121;1;3;0;0;1;0;0;0;0;1;0;0;0;0;0;0;0;0;0;2;0;0;0;0;0;0;0;0;0;1;0;1;3;0;1;0;1;1;0;10;6;6;8;7;0;1;0;3;0;3;1;1;0;5;0;1;7;0;0;0;0;0;9;1;0;1;0;0;5;5;0;2;0;4;1;5;4;0;1;0;0;0;53;22;28;6;92;14;80;37;20;35;0;2;0;4;0;0;0;0;2;0;1;2;5;0;1;9;4;5;3;6;15;0;0;6;9;41;20;20;0;1;69;11;2;0;5;1;24;12;4;5;8;4;3;75;28;1;0;0;5;0;0;0;0;0;0;0;0;0;6;5;0;0;1;4;1;36;8;0;4;6;0;3;1;6;1;1;1;0;126
131;5;16;7;2;0;0;0;0;5;7;2;3;6;5;0;0;0;0;0;0;0;0;0;0;0;0;0;0;0;0;0;0;0;0;0;0;0;0;0;1;12;2;0;0;0;1;0;7;0;3;0;2;1;5;0;1;9;0;0;3;2;0;2;2;1;2;0;1;0;1;4;0;0;0;0;17;4;0;0;0;2;0;0;0;4;0;4;0;1;5;1;1;6;0;1;35;0;27;69;10;16;5;0;51;16;3;1;0;6;5;8;1;7;0;1;2;1;0;0;12;0;1;0;0;0;0;0;0;5;0;3;17;1;0;3;10;6;3;1;0;0;0;0;0;0;0;0;0;1;0;0;0;0;0;2;0;0;15;0;2;2;10;0;2;0;4;1;6;11;0;298
132;0;0;0;0;0;0;1;0;3;0;0;0;0;0;0;0;0;0;0;0;0;0;0;0;0;0;0;0;0;0;0;0;0;0;0;0;0;0;0;0;0;1;0;0;0;0;0;0;0;0;0;0;0;0;0;0;0;0;0;0;0;0;1;0;0;0;0;0;0;0;0;0;0;0;0;0;0;0;0;0;0;0;0;0;3;0;0;0;0;0;0;0;0;0;0;9;1;1;2;0;3;0;3;1;9;0;0;0;0;0;0;0;0;0;0;0;0;0;0;0;0;0;0;0;0;0;0;0;0;0;0;0;0;0;0;0;1;0;0;0;0;0;0;0;0;0;0;0;0;0;0;0;0;0;2;0;0;1;0;0;0;0;0;0;0;0;0;0;0;0;8
133;1;6;0;0;0;0;2;0;1;3;0;0;0;0;0;0;0;0;0;0;0;0;0;0;0;0;0;0;0;0;0;0;0;0;0;0;0;0;0;0;11;2;3;4;0;0;0;2;0;1;0;4;1;2;0;0;4;0;0;0;0;0;1;1;0;0;4;0;2;4;2;0;0;0;0;6;3;0;0;0;0;1;0;4;0;1;8;1;0;6;0;0;3;46;20;0;0;21;11;24;68;23;9;55;127;4;12;4;6;2;14;0;11;8;2;4;0;2;0;4;0;0;3;0;0;0;0;0;5;0;2;2;0;0;0;7;3;0;0;0;0;0;0;0;1;0;1;0;1;0;0;0;0;0;1;0;0;13;0;0;3;19;0;0;0;5;0;0;2;0;182
134;0;0;0;0;0;0;0;0;0;0;0;0;0;4;0;0;0;0;0;0;0;0;0;0;0;0;0;0;0;0;0;0;0;0;0;0;0;0;0;0;0;0;0;0;0;0;0;0;0;0;0;0;0;0;0;0;1;0;0;0;0;0;0;0;0;0;0;0;0;0;0;0;0;0;0;0;0;0;0;0;0;0;0;0;0;0;0;0;0;0;0;0;0;1;0;2;0;1;1;0;6;0;0;2;3;0;0;0;0;0;0;0;0;0;0;0;0;0;0;1;0;0;0;0;0;0;0;0;0;0;0;0;1;0;0;0;0;0;0;0;0;0;0;0;0;0;0;0;0;0;0;0;0;0;0;0;0;0;0;0;0;0;0;0;0;0;0;0;1;0;5
135;2;0;7;2;1;0;6;0;2;6;0;0;0;2;0;0;0;0;0;0;0;2;0;0;0;0;0;0;0;0;0;0;0;0;1;0;0;0;0;1;1;0;0;0;0;0;0;0;0;1;0;0;0;1;0;1;1;0;0;2;0;0;3;1;0;0;0;0;0;0;0;0;0;0;0;1;0;0;0;0;0;0;0;0;0;0;0;0;0;1;0;2;1;43;4;19;0;0;27;6;10;33;3;45;13;1;2;0;12;5;6;0;1;0;0;0;0;0;0;0;0;0;1;0;0;0;0;0;0;0;3;1;2;0;0;8;0;1;0;0;0;0;0;0;0;0;0;0;0;0;0;0;0;0;0;0;0;9;0;0;0;0;0;1;0;4;2;0;0;0;128
136;0;5;1;8;0;0;0;1;1;2;0;0;3;1;0;0;0;0;0;0;0;0;0;0;0;0;0;0;0;0;0;0;0;0;0;0;0;0;0;0;2;0;0;0;0;0;0;0;0;2;0;1;0;3;0;0;0;0;0;0;0;0;0;0;0;1;0;0;1;2;2;1;0;2;0;1;2;0;0;0;1;0;0;0;0;0;2;0;0;0;0;0;2;71;3;17;1;7;0;3;16;9;3;50;7;1;0;0;0;1;0;1;1;0;0;0;0;2;0;1;0;0;0;0;0;0;0;0;1;2;0;0;0;0;0;1;2;0;0;1;0;0;0;1;0;0;0;0;0;0;0;0;0;0;0;0;0;9;0;0;4;6;0;0;0;7;0;0;3;0;67
137;0;0;0;0;0;0;0;0;0;0;2;0;0;0;0;0;0;0;0;0;0;0;0;0;0;0;0;0;0;0;0;0;0;0;0;0;0;0;0;0;0;0;0;1;0;0;0;0;0;0;0;0;0;0;0;1;0;0;0;0;0;0;0;0;4;0;0;0;0;0;0;0;0;1;0;1;0;0;0;0;0;0;0;5;0;0;0;0;0;0;0;0;0;5;3;43;0;9;6;0;4;7;0;31;7;7;0;0;1;0;0;2;0;0;1;1;0;0;0;0;0;0;0;0;0;0;0;0;1;0;0;2;2;1;2;0;0;1;0;0;0;0;0;0;0;0;0;0;0;0;0;0;0;0;0;0;0;3;0;0;0;0;0;0;0;0;0;0;0;0;52
138;0;0;0;2;0;0;2;0;0;0;0;0;0;0;0;0;0;0;0;0;0;0;0;1;0;0;0;0;0;0;0;0;0;0;0;1;0;0;0;1;0;0;2;0;4;0;0;0;0;9;0;1;0;1;0;0;3;0;0;0;0;0;3;0;1;0;0;0;0;3;1;0;0;0;0;5;0;0;0;0;0;0;1;4;2;6;1;3;4;3;0;2;5;2;3;23;6;2;6;1;0;0;9;14;84;0;1;0;1;5;2;1;4;9;0;0;0;2;0;0;0;0;0;0;0;0;0;0;2;3;2;0;4;1;4;1;3;2;0;0;0;0;0;0;0;0;0;0;2;0;0;0;0;0;0;0;0;10;0;0;0;4;3;0;0;2;0;1;0;0;102
139;0;1;0;0;0;0;0;0;0;1;0;0;3;0;0;0;0;0;0;0;0;0;0;0;0;0;0;0;0;0;0;0;0;0;0;0;0;0;0;1;0;0;0;0;0;0;0;0;0;0;0;0;0;1;0;0;1;0;0;0;0;2;0;0;0;0;0;0;0;0;0;2;0;0;0;0;1;0;0;0;0;0;0;0;0;0;0;0;0;2;0;0;0;44;4;28;0;21;11;9;7;0;1;52;22;0;2;0;2;10;2;0;0;0;1;1;0;0;0;5;0;2;0;0;0;0;0;0;3;1;0;0;1;0;0;1;0;0;0;0;0;0;0;0;0;0;0;0;0;0;0;0;0;0;0;2;0;2;1;0;0;0;1;1;0;6;0;0;0;0;92
140;0;0;0;0;0;0;0;0;0;1;0;0;0;0;0;0;0;0;1;0;0;0;0;0;0;0;0;0;0;0;0;0;0;0;0;0;0;0;0;0;0;0;0;0;0;0;0;1;0;1;0;0;0;0;0;0;0;0;0;0;0;0;2;0;0;0;0;0;0;0;0;0;0;0;0;0;0;0;0;0;0;0;2;1;0;0;0;0;2;0;0;0;0;2;5;8;3;1;1;0;6;0;0;0;21;0;0;0;0;0;0;0;0;0;0;0;0;1;0;0;0;0;0;0;0;0;0;0;0;0;0;0;0;0;0;0;2;0;0;0;0;0;0;0;0;0;0;0;0;0;0;0;0;0;0;0;0;2;0;2;0;3;0;0;0;0;0;0;0;0;8
141;3;10;19;9;2;0;3;0;5;6;1;0;0;5;0;0;0;0;0;0;0;0;0;0;0;0;0;0;0;0;1;0;0;0;0;0;0;0;0;0;3;1;3;0;0;0;0;1;0;4;0;0;0;5;1;5;4;0;0;0;0;0;1;3;0;0;0;0;0;2;0;1;0;0;1;3;2;0;0;0;1;0;1;1;0;1;0;0;0;0;0;2;3;96;1;84;0;39;53;46;21;32;1;0;53;5;0;0;8;5;7;0;10;3;1;9;1;3;0;2;0;0;1;1;0;0;0;0;5;4;5;0;2;0;0;2;8;0;0;0;0;0;0;0;0;0;0;0;0;0;4;1;1;0;0;0;3;11;1;1;1;2;0;1;0;6;10;0;3;0;165
142;1;9;3;7;8;3;1;0;3;3;0;1;5;0;0;0;1;0;0;0;0;0;1;4;1;0;0;0;0;0;0;0;0;0;0;0;0;0;1;0;0;3;3;0;0;0;0;0;0;3;0;1;0;0;0;2;3;0;0;1;0;0;0;0;0;0;0;0;0;2;0;0;0;0;0;3;1;0;0;1;0;0;0;5;1;5;3;0;3;5;0;4;11;32;6;63;8;18;8;17;151;11;30;38;0;3;1;3;3;8;4;0;7;1;0;1;0;5;1;0;0;0;1;1;0;0;0;0;6;4;0;3;2;0;2;11;2;1;0;0;0;0;0;0;1;0;0;0;1;0;0;0;0;0;1;0;1;15;0;0;5;15;0;1;1;6;3;5;0;4;162
151;0;0;0;0;0;0;0;0;0;0;0;0;0;3;0;0;0;0;0;0;0;0;0;0;0;0;0;0;0;0;0;0;0;0;0;0;0;0;1;1;0;0;0;0;0;0;0;0;0;2;0;0;0;1;0;0;1;0;0;0;0;0;0;0;0;1;0;0;2;0;0;1;0;0;0;2;0;0;0;0;0;0;0;0;0;0;0;0;1;0;0;0;4;0;0;0;0;1;1;0;1;0;0;0;2;0;24;3;38;3;38;1;5;17;2;17;0;0;0;0;0;0;4;0;0;0;0;0;6;13;0;2;2;1;0;5;1;0;0;0;0;0;0;0;1;0;0;0;0;0;0;0;0;0;0;0;0;4;0;0;0;0;0;0;0;1;1;0;2;0;56
152;0;3;0;0;1;0;0;0;1;0;0;0;0;2;0;0;0;0;0;0;0;0;0;0;0;0;0;0;0;0;0;0;0;0;0;0;0;0;0;3;1;0;0;0;0;0;0;0;0;0;0;0;0;2;0;0;5;0;0;0;0;0;0;0;0;1;0;0;0;0;4;1;0;0;0;1;0;0;0;0;1;0;0;0;0;2;0;0;0;1;0;1;0;2;0;2;0;6;5;2;4;1;0;6;0;24;0;6;29;12;35;1;14;17;1;9;0;0;0;1;0;0;1;0;0;0;0;0;6;16;2;2;9;0;0;3;0;1;0;0;0;0;0;0;1;0;0;0;0;0;0;0;0;0;1;0;1;5;0;0;1;0;0;0;0;1;0;3;0;0;69
153;0;1;1;0;0;0;0;0;0;0;7;0;0;0;0;0;0;0;0;0;0;0;0;0;0;0;0;0;0;0;0;0;0;0;0;0;0;0;1;2;0;0;0;3;0;0;0;0;0;2;0;0;0;1;0;0;3;0;0;2;0;0;0;0;0;0;0;0;0;0;0;0;0;0;0;1;0;0;0;0;0;0;0;36;18;0;23;10;12;24;1;20;21;0;0;2;0;0;1;0;3;0;0;0;2;0;2;0;1;7;9;14;49;3;2;0;0;0;1;0;0;0;5;0;0;0;0;0;6;2;2;0;3;0;0;5;1;1;0;0;0;0;0;0;0;0;1;0;0;0;0;0;0;0;0;0;0;5;0;0;0;0;0;0;0;2;0;0;1;0;39
154;2;2;1;2;0;0;0;0;1;0;3;0;0;1;0;0;0;0;0;0;0;0;0;0;0;0;0;0;0;0;0;0;0;0;0;0;0;0;0;1;3;0;0;0;0;1;0;0;0;4;0;1;0;2;0;0;5;0;0;0;0;0;0;2;0;0;0;0;1;0;0;1;0;2;0;2;1;0;0;0;0;0;1;0;0;0;8;0;0;9;0;1;1;5;0;5;0;6;2;1;0;7;0;10;5;35;31;1;0;13;46;6;15;20;54;71;0;2;0;0;0;0;0;0;0;0;0;0;13;15;8;4;28;0;0;7;4;0;0;0;0;0;0;0;0;0;0;0;0;0;0;2;1;0;4;3;0;11;0;0;1;3;0;0;4;4;0;1;2;0;199
155;0;0;8;0;0;0;0;0;0;0;0;0;0;3;0;0;0;0;0;0;0;0;0;1;0;0;0;0;0;0;0;0;0;0;0;0;0;0;2;1;2;1;1;0;2;0;0;0;0;0;0;1;0;2;0;0;1;0;0;0;0;0;0;0;0;2;0;0;0;0;0;0;0;1;0;2;2;0;0;5;0;0;0;12;0;1;3;1;4;5;2;5;7;1;0;4;0;0;1;0;0;1;0;2;2;4;8;25;11;0;44;16;69;45;6;16;0;2;0;1;1;0;2;0;0;0;0;0;11;7;7;2;1;2;3;6;5;0;0;0;0;0;0;0;0;0;0;0;0;0;0;4;0;0;0;0;1;11;0;0;0;0;0;0;0;0;0;0;0;1;86
156;0;0;0;0;2;0;0;0;0;1;0;0;0;3;0;0;0;1;0;0;1;0;0;0;0;0;0;0;0;0;0;0;0;0;0;0;0;0;0;1;4;0;2;2;0;0;0;0;0;3;1;0;0;3;4;1;4;0;0;0;0;0;0;0;4;0;0;1;0;0;2;1;0;0;0;3;0;1;0;0;0;0;1;5;0;1;2;0;5;1;0;5;19;0;2;2;0;3;0;2;1;3;0;2;7;26;46;8;33;37;0;19;36;58;5;11;0;1;1;2;0;0;10;1;0;0;0;0;10;10;11;2;5;1;3;10;5;3;0;0;0;0;0;0;0;0;0;0;0;0;0;0;0;0;0;0;0;18;1;0;0;2;0;1;0;1;0;0;0;0;131
157;0;0;0;0;0;0;0;0;0;0;0;0;0;4;0;0;0;0;0;0;0;0;0;0;0;0;0;0;0;0;0;0;0;0;0;0;0;0;0;1;0;0;0;0;0;0;0;0;0;0;0;0;0;3;1;1;1;0;0;0;0;0;0;0;0;0;0;0;0;0;0;0;0;0;0;0;0;0;0;0;0;0;0;4;5;1;8;10;10;11;0;0;16;2;0;2;0;0;0;0;4;0;0;0;0;1;4;18;2;11;5;0;21;5;0;2;0;0;2;0;0;0;3;3;0;1;0;0;5;11;5;2;5;1;0;25;1;0;0;0;0;0;0;0;2;0;0;0;0;0;0;0;0;0;0;2;0;9;0;0;0;0;1;0;0;3;0;0;2;0;30
158;4;0;0;1;2;0;0;0;0;0;0;0;0;0;0;0;0;0;0;0;0;0;0;0;0;0;0;0;0;0;0;0;0;0;0;0;0;0;0;1;4;0;2;0;0;1;0;0;0;2;0;0;0;0;0;0;7;0;0;0;0;0;3;0;0;1;0;0;0;2;0;0;0;0;0;0;0;0;0;2;1;0;0;20;15;0;14;4;8;4;0;7;17;1;0;11;0;3;0;0;3;1;0;3;5;2;12;53;10;59;36;21;0;19;5;3;1;0;3;5;0;0;19;0;0;0;0;0;5;10;4;0;3;2;1;5;1;0;0;0;0;0;0;0;0;0;0;0;0;0;0;0;0;0;0;1;0;8;1;0;0;2;0;3;0;2;0;0;0;0;108
159;0;1;0;0;0;0;1;0;0;0;0;0;0;0;0;0;0;0;0;0;0;0;0;0;0;0;0;0;0;0;0;0;0;0;0;0;0;0;0;0;2;0;0;0;0;0;0;0;0;0;0;0;0;0;0;0;0;0;0;0;0;0;0;0;0;0;0;0;0;0;0;0;0;0;0;1;0;0;0;0;0;0;3;10;3;0;1;0;2;0;0;3;3;4;0;0;0;0;0;2;1;1;0;2;1;3;4;18;2;33;37;6;28;0;5;6;0;0;0;1;0;0;2;0;0;0;0;0;4;16;2;2;6;0;0;2;3;0;0;0;0;0;0;0;0;0;0;0;0;0;0;0;0;0;0;0;0;7;0;0;0;1;0;0;0;1;0;0;0;0;30
160;0;0;0;0;0;0;2;0;0;0;0;0;0;0;0;0;0;0;0;0;0;0;0;0;0;0;0;0;0;0;0;1;0;0;0;0;0;0;0;0;3;0;0;0;0;0;0;0;0;0;0;0;0;0;0;0;0;0;0;0;0;0;0;0;0;0;0;0;0;0;0;0;0;0;0;0;0;0;0;0;0;0;0;0;0;0;7;7;0;1;0;0;1;1;0;5;0;0;0;0;0;0;1;0;0;2;8;3;35;3;8;1;1;0;0;28;0;0;0;0;0;1;1;0;0;0;0;0;1;23;3;0;18;0;5;2;1;1;0;0;0;0;0;0;0;0;0;0;0;0;0;1;0;0;0;0;0;5;0;0;0;2;3;0;0;0;0;0;0;0;72
161;0;1;0;2;0;0;0;0;0;0;0;0;3;0;0;0;0;2;0;0;0;0;0;0;0;0;0;0;0;0;0;0;0;0;0;0;0;0;3;5;4;1;5;0;0;0;0;0;0;1;2;0;0;2;0;0;2;0;0;5;0;0;0;0;1;0;0;4;0;1;0;0;0;5;0;0;0;0;0;0;0;0;0;4;2;0;4;0;4;0;1;2;4;11;0;5;0;2;0;5;5;4;0;3;9;5;13;5;67;10;20;2;8;5;24;0;0;0;0;7;0;0;4;0;0;0;0;0;13;39;11;5;47;3;6;5;3;0;0;0;0;0;0;0;0;0;1;0;0;0;0;5;0;0;0;0;0;22;6;0;1;11;1;2;4;3;0;0;0;1;237
171;0;1;0;0;0;0;0;0;0;0;0;0;0;0;0;0;0;0;0;0;1;0;0;0;0;0;0;0;0;0;0;0;0;0;0;0;0;0;0;1;7;0;0;3;0;1;0;1;0;1;0;1;0;4;0;0;5;0;0;0;0;0;0;1;0;0;0;1;1;0;0;0;0;0;0;4;3;0;5;0;0;0;14;1;0;10;0;0;4;10;0;8;18;0;0;2;0;0;0;0;0;0;0;1;1;0;0;5;1;1;1;1;0;1;0;0;0;8;3;2;0;0;18;3;5;0;9;2;4;4;1;1;4;3;0;13;1;2;0;0;0;0;0;0;0;0;0;1;0;0;0;0;0;0;2;8;1;17;6;0;0;1;0;0;1;1;0;0;0;1;26
172;0;0;0;1;3;0;2;0;0;0;0;0;0;1;0;0;0;0;0;0;0;0;0;1;0;0;0;0;1;0;0;0;0;0;0;0;0;0;1;0;3;3;0;0;0;1;0;1;0;7;0;1;0;1;3;0;5;0;0;0;0;0;0;2;0;0;0;0;0;0;0;0;0;0;0;3;1;0;0;4;0;0;2;1;2;1;7;1;4;8;0;0;19;1;0;0;0;0;0;0;1;0;0;0;1;1;0;2;0;2;1;2;6;0;0;0;12;0;5;24;0;3;34;30;0;4;2;1;7;3;3;3;2;0;4;26;7;1;0;0;0;0;0;0;0;0;1;0;0;0;0;1;0;0;1;5;0;24;1;0;0;2;0;0;0;2;1;0;0;4;44
173;0;0;0;0;0;0;0;0;0;0;0;0;0;0;0;0;0;0;0;0;0;0;0;0;0;0;0;0;0;0;0;0;0;0;0;0;0;0;0;0;0;1;0;0;0;0;0;0;0;0;0;0;0;1;0;0;2;0;0;0;0;0;1;0;0;0;0;0;0;0;0;0;0;0;0;0;1;0;0;0;0;0;6;0;0;0;4;0;1;2;4;4;29;1;0;0;0;0;0;0;0;0;0;1;0;0;0;0;1;0;0;0;0;2;0;0;3;12;0;4;0;3;31;4;0;3;5;1;3;0;1;0;1;1;0;11;0;0;0;1;0;0;0;0;0;0;0;0;0;0;5;0;0;0;0;3;0;9;0;0;0;0;1;0;0;0;0;0;0;0;12
174;0;1;0;1;2;0;1;0;2;0;0;0;0;0;0;0;0;0;0;0;2;3;0;1;0;0;0;0;0;0;1;0;4;0;0;0;1;1;0;18;4;15;1;7;1;0;0;0;1;6;1;8;2;7;1;8;13;1;0;2;0;0;2;0;2;1;0;0;0;2;2;2;0;0;0;4;2;0;0;5;1;2;2;0;5;0;5;0;3;1;2;1;12;3;0;7;0;0;0;0;1;2;0;0;4;0;1;0;1;3;3;3;7;2;0;1;0;34;4;0;0;55;23;15;0;10;3;6;23;0;6;1;3;0;8;23;31;12;0;2;7;0;0;0;0;5;3;0;5;0;1;2;0;0;2;3;2;113;14;0;1;5;0;3;0;5;0;2;3;0;94
175;0;0;0;0;0;0;0;0;0;0;0;0;0;0;0;0;0;0;0;0;0;0;0;0;0;0;0;0;2;0;0;0;0;0;0;0;0;0;0;2;0;0;0;0;0;0;0;0;0;0;0;0;0;0;0;0;0;0;0;0;0;0;0;0;0;0;0;0;0;0;0;0;0;0;0;0;0;0;0;0;0;0;0;0;0;0;0;0;0;0;0;0;0;0;0;0;0;0;0;0;0;0;0;0;0;0;0;0;0;0;0;0;0;0;0;0;0;0;0;9;0;11;0;0;0;0;0;0;0;0;0;0;0;0;0;0;0;0;0;3;0;0;0;0;1;0;0;0;0;0;0;0;0;0;0;2;0;9;1;0;0;0;0;0;0;0;0;0;0;0;1
176;0;1;0;0;0;0;0;0;0;1;0;0;0;0;0;0;0;0;1;0;0;1;0;0;0;0;0;1;1;0;0;1;0;0;0;0;0;0;0;8;4;3;0;0;0;0;0;0;0;0;0;7;2;0;0;0;4;0;0;0;0;0;3;0;0;0;0;0;0;1;0;0;0;0;0;0;0;0;0;0;0;0;0;1;0;0;0;0;1;4;0;0;3;0;0;2;0;0;0;0;3;0;0;0;1;0;0;0;0;0;0;0;3;0;0;0;0;7;3;32;4;0;2;4;0;5;0;1;9;0;0;2;0;3;0;2;3;4;0;0;6;0;0;0;4;0;0;0;1;1;6;4;3;0;2;0;0;28;2;0;0;6;0;0;0;0;0;0;0;0;21
177;0;1;0;2;0;0;0;0;1;0;0;0;3;2;0;0;0;0;0;0;0;1;0;0;1;0;0;0;0;0;0;0;0;0;0;0;0;2;0;4;8;5;0;1;0;0;0;1;0;4;0;3;0;1;0;1;3;1;0;0;0;0;0;0;0;0;0;0;0;0;0;0;0;0;0;1;0;0;0;0;0;0;18;3;2;3;6;0;21;6;2;8;89;0;0;2;0;0;0;0;4;1;0;0;2;1;0;0;0;2;1;3;5;1;0;4;19;36;41;20;0;1;0;20;0;0;6;1;4;7;2;0;1;0;2;32;10;3;0;0;0;0;0;0;1;0;0;0;0;0;0;1;0;0;0;0;0;24;1;0;0;1;0;0;0;0;0;0;1;0;49
178;0;0;0;0;0;0;0;0;0;0;0;0;0;0;0;0;0;3;0;0;0;0;0;0;0;0;0;0;0;0;0;0;0;0;0;0;0;0;0;2;0;0;0;0;0;1;0;0;0;1;0;0;0;1;0;0;1;0;0;0;0;0;0;0;0;0;0;0;0;0;0;1;0;0;0;0;0;0;0;0;1;0;3;0;4;2;6;4;9;0;1;4;14;3;0;1;0;0;0;0;0;0;0;0;0;0;0;0;0;1;0;0;0;0;0;0;4;38;2;10;0;5;30;0;0;2;8;0;4;0;3;0;0;0;2;17;8;0;0;0;0;0;0;0;0;0;0;0;0;0;0;0;0;5;0;1;0;12;4;0;0;0;0;0;0;0;0;0;0;0;13
179;0;0;0;0;0;0;0;0;0;0;0;0;0;0;0;0;0;0;0;0;0;0;0;0;0;0;0;0;0;0;0;0;0;0;0;0;0;0;0;0;0;0;0;0;0;0;0;0;0;1;0;0;0;0;0;0;0;0;0;0;0;0;0;0;0;0;0;0;0;0;0;0;0;0;0;0;0;0;0;0;0;0;0;0;0;0;0;0;0;0;0;0;2;0;0;0;0;0;0;0;0;0;0;0;0;0;0;0;0;0;0;0;0;0;0;0;10;0;0;0;0;0;0;0;0;0;0;2;0;0;0;0;0;0;0;0;0;0;0;0;0;0;0;0;0;0;0;0;0;0;0;0;0;0;0;2;0;0;0;0;0;0;0;0;0;0;0;0;0;0;0
180;0;1;0;0;0;0;0;0;0;0;0;0;0;0;0;0;1;0;0;0;0;0;0;0;0;0;0;0;0;0;0;0;1;0;0;0;0;0;0;0;1;0;0;2;0;0;0;0;0;2;0;1;0;1;0;0;1;0;0;0;0;0;0;4;0;0;0;0;0;0;1;0;0;0;0;0;0;0;0;0;0;0;1;0;0;0;0;0;0;0;0;0;8;0;0;0;0;0;0;0;0;0;0;0;0;0;0;0;0;0;0;0;3;0;0;0;0;8;0;15;0;1;11;4;0;0;2;0;0;1;0;0;1;0;0;3;7;1;0;0;0;0;0;1;1;0;0;0;0;0;0;1;2;0;4;4;0;35;7;0;0;0;0;0;0;0;0;0;0;0;10
181;0;0;0;0;0;0;0;0;0;0;0;0;0;0;0;1;0;0;0;0;0;0;0;0;0;0;0;0;0;0;0;0;0;0;0;0;0;0;0;0;0;0;0;0;0;1;0;0;0;1;0;0;0;1;0;0;2;0;0;0;0;0;0;0;0;0;0;0;0;0;2;0;0;0;0;0;0;0;0;0;0;0;1;0;0;0;0;0;0;3;0;1;3;0;0;0;0;0;0;0;0;0;0;0;0;0;0;0;0;1;0;0;0;0;0;0;9;1;2;6;0;0;4;2;4;0;0;2;1;0;0;0;0;0;0;1;0;0;0;0;0;0;0;0;0;0;0;0;1;0;0;1;0;0;1;32;1;9;6;0;0;0;0;0;0;1;0;0;0;0;4
182;0;0;0;0;0;0;0;0;1;0;0;0;0;0;0;0;0;0;0;0;0;0;0;0;0;0;0;0;0;0;0;0;0;0;0;0;0;0;0;0;2;0;0;0;0;0;0;0;0;0;0;0;0;0;0;0;0;0;0;0;0;0;0;0;0;0;0;1;0;0;0;1;0;0;2;0;0;0;0;0;0;0;0;0;0;0;0;0;1;0;0;0;0;0;0;0;0;0;0;0;0;0;0;0;0;0;0;0;0;0;0;0;0;0;0;0;2;0;2;4;0;0;0;5;0;3;1;0;2;0;0;0;0;0;2;2;2;0;0;0;0;0;0;0;0;0;0;0;0;0;0;0;0;0;0;5;0;1;3;0;0;0;0;0;0;1;0;0;0;0;2
191;0;9;1;0;1;0;1;0;1;2;2;0;1;0;1;0;0;0;0;0;1;0;0;0;0;0;0;0;0;2;0;0;3;0;0;0;0;0;1;29;16;44;7;8;2;3;0;0;0;29;1;10;4;38;0;1;79;0;0;4;1;0;4;2;1;10;4;0;9;14;3;14;5;1;0;8;7;0;0;0;3;0;3;10;3;1;4;2;5;11;3;4;20;15;2;3;0;4;5;2;0;0;0;7;2;3;2;1;10;2;4;2;7;4;1;13;0;33;2;34;0;22;12;8;4;12;3;0;0;5;43;34;21;3;43;56;118;48;0;0;7;0;0;0;2;0;0;0;0;1;4;0;1;0;2;0;1;30;4;1;2;16;5;3;0;4;1;0;8;2;373
192;0;0;0;5;1;0;0;0;0;1;0;0;1;0;0;0;0;0;0;0;0;0;0;0;0;0;0;0;0;0;2;0;0;0;0;0;0;0;0;1;2;0;0;4;0;1;0;0;0;2;0;0;0;0;0;0;4;0;0;0;0;0;0;1;0;0;0;1;1;0;0;0;1;1;0;4;0;0;0;0;0;0;4;4;11;0;33;0;3;9;0;7;21;1;0;1;0;0;0;0;0;0;0;1;1;6;3;4;22;7;13;24;7;10;10;11;4;1;0;2;0;0;3;2;0;6;0;1;3;0;4;3;30;13;1;44;3;4;0;0;0;0;0;0;0;0;1;0;0;0;2;0;0;0;1;0;0;12;1;0;1;0;0;1;0;1;0;0;0;2;96
193;0;0;0;0;0;0;0;0;1;0;0;0;0;6;0;0;0;0;0;0;0;0;0;0;0;0;0;5;0;0;0;0;0;0;0;0;0;0;0;1;1;4;0;5;0;1;0;0;0;8;3;0;0;5;0;1;5;0;0;5;0;0;2;0;0;0;0;0;1;0;0;4;0;0;1;0;1;0;0;1;0;0;3;1;0;1;3;5;5;8;0;2;1;0;0;3;0;0;1;1;1;0;0;5;8;1;0;0;5;3;3;0;2;1;6;5;0;10;1;6;0;1;7;8;0;1;0;0;34;5;0;0;42;0;13;29;31;0;0;0;1;0;0;0;0;0;0;0;0;0;0;0;0;0;1;3;0;13;0;0;1;2;0;1;0;4;0;0;0;0;93
194;5;1;4;0;0;0;0;0;0;0;0;0;0;0;0;0;0;0;0;0;0;0;0;0;0;0;0;0;0;0;0;0;0;0;0;0;0;0;1;0;0;3;0;3;0;0;0;0;0;0;0;0;0;2;1;0;6;0;0;0;0;0;1;0;0;1;0;0;0;0;0;0;0;0;0;0;0;1;0;2;1;0;1;1;2;0;8;0;2;0;0;3;12;2;0;0;0;1;0;0;0;0;0;1;1;1;1;1;0;0;3;1;3;0;0;4;0;4;5;7;0;0;2;0;1;0;0;0;17;3;14;0;1;4;19;62;21;0;0;0;1;0;0;0;0;0;0;0;0;0;3;0;1;0;0;0;0;6;0;0;0;0;0;0;0;7;0;0;0;0;40
195;0;3;0;0;0;0;0;0;0;0;0;0;1;0;0;0;0;0;0;0;0;0;0;5;0;0;0;0;0;2;0;0;0;0;0;0;0;0;0;2;6;0;3;2;0;2;2;1;0;2;0;2;2;1;1;2;5;0;0;0;0;1;1;4;0;0;0;3;2;0;0;1;0;0;0;5;0;0;0;0;2;0;0;2;2;0;11;2;7;3;1;0;11;0;0;0;0;1;0;0;3;1;0;0;1;0;7;2;11;3;17;9;4;2;29;13;1;7;0;1;0;3;5;0;0;0;0;0;19;34;50;1;0;1;10;18;18;2;0;0;0;0;0;0;0;0;0;0;0;0;0;0;0;0;1;3;0;7;0;0;0;4;0;2;0;0;0;0;2;1;111
196;0;0;0;0;0;0;0;0;0;0;0;0;0;0;0;0;0;0;0;0;0;0;0;0;0;0;0;0;0;0;0;2;0;0;0;0;0;0;0;0;2;4;0;0;0;0;0;0;0;1;0;0;0;3;0;0;1;0;0;0;0;0;0;0;0;0;0;0;0;0;0;0;2;0;0;1;0;0;0;0;0;0;0;4;0;0;16;0;4;2;0;0;10;0;0;0;0;0;0;0;0;0;0;0;0;0;0;4;0;0;5;3;0;0;1;0;0;4;0;0;0;0;1;6;0;0;0;0;4;8;0;0;5;0;1;30;3;1;0;0;0;0;0;0;0;0;0;0;0;0;0;0;0;0;0;0;0;2;2;0;0;1;0;0;0;0;0;0;0;0;24
197;0;0;0;0;1;0;0;0;0;0;0;0;0;0;0;0;0;0;0;0;0;0;0;0;0;0;0;0;0;0;0;1;0;0;0;0;0;0;0;3;5;2;0;1;0;0;0;4;0;2;0;8;0;4;0;4;7;0;0;0;0;0;1;0;5;0;0;0;1;0;0;0;0;0;0;4;1;0;0;0;1;0;0;2;0;0;5;0;2;0;3;0;10;1;0;2;0;0;0;0;0;0;0;0;1;0;0;0;1;1;0;1;2;0;3;1;0;9;0;2;0;3;0;2;0;0;0;2;16;4;1;7;5;0;0;17;43;3;0;0;0;0;0;0;0;0;0;0;0;0;1;1;0;0;0;3;0;3;0;0;2;1;0;0;1;0;0;0;0;0;34
198;0;3;1;0;2;0;2;0;1;0;0;0;2;0;0;0;0;0;0;0;0;0;0;0;0;0;0;0;0;0;1;0;0;0;0;0;0;0;2;14;11;12;6;5;1;5;1;5;0;13;0;7;1;10;2;2;16;0;0;6;2;0;2;1;0;2;1;0;1;1;0;3;0;0;0;8;4;0;1;0;1;0;11;20;10;1;64;17;18;22;15;21;125;6;0;6;0;2;0;0;7;1;0;3;15;1;2;8;1;7;14;9;4;7;5;9;8;73;12;51;0;4;51;18;1;3;3;2;56;28;9;44;22;25;25;0;88;11;0;0;0;0;0;1;2;0;6;0;0;0;3;1;0;1;2;6;1;61;11;0;2;3;2;3;0;7;0;1;3;0;236
199;0;0;1;0;5;0;0;0;1;0;1;0;1;0;0;0;0;0;0;1;0;0;3;7;0;0;0;0;3;0;0;3;0;0;0;0;0;0;0;16;6;13;4;4;0;0;1;1;0;10;3;10;3;13;0;2;21;0;0;1;1;0;4;1;1;3;0;0;4;1;1;2;0;0;1;5;4;0;3;0;1;0;8;2;5;4;14;0;8;5;0;6;26;1;0;4;0;0;4;0;0;4;0;4;5;2;4;2;2;2;9;1;4;0;0;1;10;54;6;42;0;10;12;28;0;10;3;3;65;8;19;24;12;7;47;69;0;29;0;4;0;0;0;0;1;1;1;0;0;0;3;0;2;0;2;4;5;63;13;0;1;12;6;1;1;2;2;2;1;1;118
200;0;0;0;0;0;0;0;0;0;0;0;0;0;1;0;0;0;0;0;0;0;0;0;0;0;0;0;0;0;0;0;0;0;0;0;0;0;0;0;16;7;47;4;3;0;1;0;1;0;10;1;6;0;14;0;1;10;0;1;3;0;0;3;0;0;5;0;1;0;4;0;2;0;3;1;2;2;0;0;0;1;6;0;0;0;0;5;0;6;1;0;1;4;0;0;0;0;0;0;0;1;0;0;2;1;0;0;1;0;0;0;0;0;0;0;1;0;6;4;4;0;15;9;1;0;1;1;0;56;0;4;2;0;0;5;7;31;0;0;0;0;0;0;0;0;0;0;0;0;0;6;0;0;0;4;2;0;18;5;0;0;6;1;2;3;0;1;1;1;0;54
211;0;0;0;0;0;0;0;0;0;0;0;0;0;0;0;0;0;0;0;0;0;0;0;0;0;0;6;0;0;0;0;0;0;0;0;0;0;1;0;0;0;0;0;0;0;1;0;0;0;0;0;0;0;0;0;0;0;0;2;0;0;0;0;0;0;0;0;0;0;0;0;0;0;0;0;0;0;0;0;0;0;0;0;0;1;0;0;0;0;0;0;0;0;0;0;0;0;0;0;0;0;0;0;0;0;0;0;0;0;0;0;0;0;0;0;0;0;0;0;1;0;0;0;0;0;0;0;0;0;0;0;0;0;0;0;0;0;0;0;0;0;0;0;0;0;1;0;0;0;0;1;0;1;0;1;0;1;8;0;0;0;0;0;0;0;0;0;0;0;0;1
212;0;0;0;0;0;0;0;0;0;0;0;0;0;0;0;0;0;0;0;0;0;0;0;0;0;0;0;0;0;0;0;0;0;0;0;0;0;0;0;0;0;0;0;0;0;0;0;0;0;0;0;0;0;0;1;0;0;0;0;0;0;0;0;0;0;0;0;0;0;1;0;0;0;0;0;0;0;0;1;0;0;0;0;0;0;0;0;0;0;0;0;0;0;0;0;0;0;0;0;0;0;0;0;0;0;0;0;0;0;0;0;0;0;0;0;0;0;0;0;0;0;0;0;0;0;0;0;0;0;0;0;0;0;0;0;0;1;2;3;0;0;1;0;0;3;0;0;2;0;0;2;1;2;0;1;0;1;12;0;0;0;0;0;0;0;0;0;0;0;0;0
213;0;0;0;0;0;0;0;0;0;0;0;0;0;0;0;0;0;4;0;0;0;0;0;0;0;0;0;0;0;0;0;0;0;2;0;0;0;0;0;3;0;0;0;3;0;0;0;0;0;2;2;13;0;0;0;0;0;0;0;0;0;0;0;0;0;0;0;0;1;0;0;1;0;0;0;0;0;0;0;0;0;0;0;0;0;0;0;0;0;0;0;0;1;0;0;0;0;0;0;0;0;0;0;0;0;0;0;0;0;0;0;0;0;0;0;0;0;0;4;3;0;7;0;1;0;0;0;0;1;0;0;0;1;0;0;1;0;0;0;0;0;0;0;5;2;1;1;0;2;0;0;1;0;0;4;0;2;20;0;0;0;0;0;0;0;0;0;0;0;0;4
214;0;0;0;0;0;0;0;0;0;0;0;0;0;0;4;0;0;0;0;0;1;2;0;1;0;2;0;0;0;0;0;0;0;0;3;0;0;0;0;0;0;0;0;0;0;0;0;0;0;0;0;0;0;0;0;0;2;0;0;0;0;0;0;0;0;0;0;0;0;0;0;0;0;0;0;0;0;0;0;0;0;0;0;0;0;0;0;0;0;0;0;0;0;0;0;0;0;0;0;0;0;0;0;0;0;0;0;0;0;0;0;0;0;0;0;1;0;0;0;0;0;0;0;0;0;0;0;0;2;0;0;0;0;0;0;0;0;0;0;0;0;0;1;4;0;0;0;0;1;0;2;0;0;0;2;0;1;22;0;0;0;0;0;0;0;0;0;0;0;0;2
215;0;0;0;0;0;0;0;0;0;0;0;0;0;0;0;0;0;3;0;0;0;1;0;1;0;0;0;0;0;0;1;0;1;0;0;0;0;0;0;0;1;0;0;4;1;0;0;0;0;1;0;0;1;0;0;0;0;0;0;0;0;0;0;0;0;0;0;0;0;0;0;0;0;0;0;0;0;0;0;0;0;0;0;0;0;0;0;0;0;0;0;0;0;0;0;0;0;0;0;0;0;0;0;0;0;0;0;0;0;0;0;0;0;0;0;0;0;0;0;0;0;0;0;0;0;0;0;0;0;0;0;0;0;0;0;1;0;0;0;0;0;0;0;0;0;0;0;0;0;0;1;3;0;0;0;0;0;9;0;0;0;0;0;0;0;0;0;0;0;0;1
216;0;0;0;0;0;0;0;0;0;0;0;0;0;0;0;0;0;0;0;0;0;0;0;0;0;1;0;0;0;0;0;0;0;0;1;0;0;0;0;0;5;0;0;0;0;0;0;0;0;0;0;0;0;0;5;0;0;0;0;0;0;0;0;0;0;0;0;0;0;0;0;0;0;0;0;0;0;0;0;0;0;0;0;0;0;0;0;0;0;0;0;0;0;0;0;0;0;0;0;0;0;0;0;0;0;0;0;0;0;0;1;0;0;0;0;0;0;0;0;0;0;0;0;0;0;0;3;0;0;0;0;0;0;0;0;0;0;0;5;0;0;1;0;0;0;1;0;1;4;0;1;0;6;0;2;0;1;15;0;0;0;0;0;0;0;0;0;0;0;0;2
217;0;0;0;0;0;0;0;0;0;0;0;0;0;0;0;0;0;2;0;0;0;0;1;0;0;4;1;0;0;0;0;0;0;0;0;0;0;0;0;0;1;0;0;0;0;0;0;0;0;0;0;0;0;1;0;0;0;0;0;0;0;0;0;0;0;0;0;0;0;0;0;0;0;0;0;0;0;0;0;0;0;0;0;0;1;0;0;0;0;0;0;0;0;0;0;1;0;0;0;0;0;0;0;0;1;0;0;0;0;0;0;0;0;0;0;0;1;1;0;1;0;0;0;0;0;0;0;0;1;0;0;0;1;0;0;1;4;0;0;0;0;2;0;0;0;0;4;7;1;1;2;3;1;3;5;0;0;55;2;0;0;1;0;0;0;0;0;0;0;0;9
218;0;0;0;0;0;0;0;0;0;0;0;0;0;0;0;0;0;0;0;0;0;0;0;0;0;0;0;0;0;1;0;0;0;0;0;0;0;0;0;0;0;0;0;0;0;0;0;0;0;0;0;0;0;0;0;0;0;0;0;0;0;0;0;0;0;0;0;0;0;0;0;0;0;0;0;0;0;0;0;0;0;0;0;0;0;0;0;0;0;0;0;0;0;0;0;0;0;0;0;0;0;0;0;0;0;0;0;0;0;0;0;0;0;0;0;0;0;0;0;0;0;0;0;0;0;0;0;0;1;0;0;0;0;0;0;0;0;0;0;4;0;0;0;0;0;0;0;0;0;0;0;2;4;0;0;0;0;8;1;0;0;0;0;0;0;0;0;0;0;0;1
219;0;0;0;0;0;0;0;0;0;0;0;0;0;0;0;0;0;0;0;1;1;1;0;0;0;0;0;0;1;0;0;0;0;0;0;0;0;0;0;1;2;0;0;1;0;0;0;0;0;2;0;0;2;0;0;0;0;0;0;2;0;0;0;0;0;0;0;0;0;1;0;0;0;0;0;0;0;1;0;0;0;1;0;1;0;0;0;0;0;0;0;0;1;0;1;1;0;0;0;0;0;0;0;0;0;0;1;0;0;0;1;1;0;5;0;0;0;1;0;2;0;0;0;0;0;0;1;0;0;0;1;0;0;0;0;0;1;0;0;3;0;0;0;1;4;2;0;0;0;0;1;1;0;3;7;2;8;70;5;0;0;0;0;0;0;0;0;0;0;0;7
220;0;0;0;0;0;0;0;0;0;0;0;0;0;0;0;0;0;0;0;0;0;0;0;0;0;0;0;0;0;2;0;0;0;0;0;0;0;0;0;1;0;0;0;0;0;0;0;0;0;1;0;0;0;0;0;0;0;0;0;0;0;0;0;0;0;0;0;0;0;0;0;0;0;0;0;0;1;0;0;0;0;0;0;0;0;0;0;1;0;1;0;0;1;0;0;0;0;0;0;0;0;0;0;0;0;0;0;0;0;0;0;1;0;0;0;0;2;0;0;0;0;0;0;0;0;0;0;0;0;0;0;0;0;0;0;0;3;0;0;0;0;0;0;0;13;1;1;0;0;4;1;0;0;0;0;1;3;10;0;0;0;0;0;0;0;0;0;0;0;0;2
221;0;0;0;0;0;0;0;0;0;1;0;0;0;0;0;0;1;0;0;2;0;5;0;1;10;0;0;0;3;0;0;0;0;0;0;0;0;0;0;1;5;0;0;3;0;1;0;0;3;0;0;0;0;1;0;0;0;0;0;0;0;0;0;0;0;0;0;0;0;0;0;0;0;1;1;0;0;0;1;0;0;0;0;0;0;0;1;0;0;0;0;0;0;1;0;0;0;0;0;0;0;0;0;0;0;0;0;0;0;0;0;0;0;0;0;0;0;1;0;0;0;1;0;0;0;0;0;0;0;0;0;0;0;0;1;0;8;0;0;0;0;0;0;1;0;4;2;0;0;4;6;3;0;0;9;0;2;55;2;0;0;0;0;0;0;0;0;0;0;0;5
222;0;0;0;0;0;0;0;0;0;0;0;0;0;0;0;0;0;0;0;0;0;0;0;0;0;0;0;0;0;0;0;0;0;0;0;0;0;0;0;0;0;0;0;0;0;0;0;0;0;0;0;0;0;0;0;0;0;0;0;0;0;0;0;0;0;0;0;0;0;0;0;0;0;0;0;0;0;0;0;0;0;0;0;0;0;0;0;0;0;0;0;0;0;0;0;0;0;0;0;0;0;0;0;0;0;0;0;0;0;0;0;0;0;0;0;0;0;0;0;0;0;0;0;0;0;0;0;0;0;0;0;0;0;0;0;0;5;0;0;0;0;0;0;0;5;0;0;1;0;0;0;0;0;0;0;0;1;5;0;0;0;0;0;0;0;0;0;0;0;0;0
223;0;0;0;0;0;0;0;0;0;0;2;0;0;0;0;0;5;5;0;0;0;3;0;2;5;3;2;0;4;1;1;0;3;1;0;0;1;0;0;0;3;1;0;4;0;0;0;0;0;1;4;0;0;0;1;3;2;0;0;1;0;0;0;2;0;0;0;0;0;0;0;1;0;0;0;0;0;0;0;0;0;0;0;0;0;0;0;0;0;0;0;0;1;0;0;1;0;0;0;0;0;0;0;0;0;0;0;1;0;0;0;0;1;0;0;1;0;0;1;6;0;0;2;0;0;0;0;0;0;0;0;0;0;0;0;2;1;0;0;1;1;2;5;0;2;0;2;3;8;0;0;11;2;0;24;0;3;95;1;0;0;1;0;0;0;0;0;0;1;0;4
224;0;0;0;0;0;0;2;0;0;0;0;0;0;0;0;0;0;1;0;0;0;3;0;1;1;0;0;0;0;0;2;0;2;1;0;0;0;0;0;1;5;0;0;8;1;1;0;1;0;0;0;1;0;1;3;1;2;0;0;0;0;0;1;0;1;0;0;0;2;1;0;0;0;0;0;1;3;0;0;0;0;1;0;0;0;0;0;0;0;0;0;0;0;0;0;0;0;1;0;0;0;0;0;1;0;0;0;0;0;0;0;0;0;0;0;0;0;3;0;0;0;6;2;0;0;1;0;0;7;0;0;1;0;0;0;0;3;4;1;0;0;4;4;1;1;0;2;0;12;0;4;0;1;0;5;3;3;61;1;0;0;0;0;2;0;2;0;0;0;0;12
225;0;0;1;0;0;0;0;0;0;0;0;0;0;0;0;0;0;2;5;0;0;0;0;1;1;0;0;0;0;0;1;0;0;0;0;0;0;0;0;1;3;0;0;0;0;0;0;0;0;0;0;0;0;1;0;0;1;0;0;0;0;0;0;0;0;0;0;0;0;0;0;0;0;0;0;0;0;0;0;0;0;0;0;0;0;1;0;0;0;0;0;0;0;0;0;1;0;0;0;0;0;0;0;0;1;0;0;0;0;0;0;0;0;0;0;0;0;0;0;1;0;0;1;0;0;0;0;0;0;0;0;0;0;0;0;1;0;0;3;1;3;0;0;2;0;5;0;3;2;0;4;1;0;0;5;1;4;39;0;0;0;5;0;0;0;4;0;0;0;0;7
226;0;0;0;0;0;0;0;0;0;0;0;0;0;0;0;0;0;0;0;0;0;0;0;0;0;0;0;0;0;0;0;0;0;0;0;1;0;0;0;0;0;0;0;0;0;0;0;0;0;0;0;0;0;0;0;0;0;0;0;0;0;0;0;0;0;0;0;0;0;0;0;0;0;0;0;0;0;0;0;0;0;0;0;0;0;0;0;0;0;0;0;0;0;0;0;0;0;0;0;0;0;0;0;0;0;0;0;0;0;0;0;0;1;0;0;0;1;0;0;0;0;0;0;1;0;0;0;3;0;0;1;0;0;2;0;1;0;0;0;0;0;0;0;0;1;0;5;0;0;1;0;0;0;0;0;1;1;7;2;0;0;0;0;0;0;0;0;0;0;0;0
227;0;0;0;0;0;0;0;0;1;0;0;0;0;0;0;1;0;0;0;0;0;0;0;1;6;0;6;0;0;0;3;0;1;0;0;0;1;0;0;0;4;2;1;1;0;0;0;0;0;0;2;0;0;3;0;0;1;0;0;0;0;0;0;0;0;0;0;0;0;0;2;0;0;0;0;2;1;0;0;0;1;0;0;0;0;0;2;0;0;0;0;0;0;0;0;0;0;0;0;0;0;0;0;0;0;0;0;2;0;0;1;0;1;0;0;0;0;1;0;0;0;1;2;1;0;0;0;2;3;0;0;0;0;0;0;4;1;0;0;1;0;4;1;15;4;4;6;4;15;4;11;10;5;0;0;0;4;122;3;1;0;0;0;0;0;1;0;0;0;0;15
228;0;0;0;0;0;0;0;0;0;0;0;0;0;0;0;0;0;0;0;0;0;0;0;0;1;0;0;0;0;0;0;0;0;0;0;0;0;0;0;1;1;0;0;0;0;0;0;0;0;3;0;0;0;0;0;0;1;0;0;0;0;0;0;0;0;0;0;0;0;1;0;0;0;0;0;0;0;0;0;0;0;0;1;1;1;5;1;1;2;0;1;1;3;0;0;4;0;0;0;0;0;0;0;0;0;0;0;0;0;0;0;0;0;0;0;0;3;9;2;3;0;1;2;4;0;1;19;2;2;0;0;0;0;0;1;3;1;0;0;0;0;1;2;0;7;0;9;0;0;0;0;0;5;0;1;0;1;52;27;0;0;1;1;0;0;2;0;0;1;0;9
229;0;0;0;1;0;0;0;0;0;0;0;0;0;0;0;0;0;0;0;0;0;1;0;1;0;0;0;0;0;0;0;0;4;0;0;0;0;0;0;0;1;0;0;0;0;0;0;0;0;1;0;0;0;0;3;0;0;0;0;0;0;0;0;0;0;0;0;0;0;0;0;0;0;0;0;0;0;0;0;0;0;0;0;0;0;0;1;0;0;0;1;0;0;0;0;0;0;0;0;0;0;0;0;0;0;0;0;0;0;0;0;0;1;0;0;0;0;0;0;0;0;0;3;0;0;0;1;0;0;0;0;0;0;0;0;0;1;0;0;4;0;3;0;0;13;3;7;2;1;0;10;2;2;0;5;0;0;66;2;0;0;1;0;0;0;0;0;0;0;0;5
230;1;7;3;1;5;0;1;0;1;1;1;0;2;1;4;2;3;3;3;8;3;27;3;37;27;5;13;6;11;4;10;9;23;3;1;3;3;4;11;14;49;15;8;20;6;6;2;6;1;55;2;15;6;24;6;14;22;0;5;5;0;0;9;3;1;7;0;7;7;6;5;4;0;2;0;10;4;0;0;8;2;1;12;9;1;3;13;1;7;10;11;3;25;16;0;23;0;2;7;6;10;0;0;14;13;4;5;0;3;13;11;5;12;3;12;7;14;19;4;69;7;29;23;8;2;13;13;9;33;12;5;7;7;4;4;24;23;7;10;9;39;14;2;11;62;9;75;8;42;2;143;78;49;20;153;43;101;0;143;0;2;31;7;3;0;18;1;2;3;3;625
231;0;0;0;0;0;0;0;0;0;0;0;0;0;0;0;0;0;0;1;0;0;1;0;3;0;0;0;0;1;0;0;0;0;0;0;0;0;0;3;7;6;1;2;0;0;1;0;3;0;2;0;0;0;2;0;0;1;0;0;0;0;0;0;0;0;0;0;0;0;0;0;0;1;0;0;1;0;0;1;0;0;0;1;2;0;0;0;0;0;5;0;2;5;1;0;1;0;2;0;0;0;0;0;0;0;0;0;2;2;0;0;0;0;0;0;1;6;0;2;10;0;3;6;0;0;9;8;0;0;4;0;1;0;0;1;8;3;1;0;0;0;0;0;1;6;0;14;6;0;0;4;5;0;2;6;39;3;114;0;0;0;4;0;0;0;1;0;0;0;0;36
241;0;0;0;0;0;0;0;0;0;0;0;0;3;2;0;0;0;0;0;0;0;0;0;0;0;0;0;0;0;0;0;0;0;0;0;0;0;0;0;0;0;0;0;0;0;0;0;0;0;1;0;0;0;0;0;0;0;0;0;0;0;0;0;0;0;0;0;0;0;3;0;0;0;2;0;1;0;0;0;0;0;1;0;0;0;0;0;0;0;0;0;0;0;0;0;0;0;0;0;0;0;0;0;1;0;0;0;0;0;0;0;0;0;0;0;0;0;0;0;1;0;0;0;0;0;0;0;0;0;0;0;0;0;0;0;0;0;0;0;0;0;0;0;0;0;0;0;0;0;0;0;0;0;0;0;0;0;0;0;0;0;1;0;0;0;2;0;0;5;0;7
242;1;6;11;2;6;0;0;0;2;7;1;0;3;10;0;1;0;0;0;0;0;0;0;0;0;0;0;0;0;0;0;0;0;0;0;0;0;0;0;0;3;1;0;0;0;0;0;0;0;0;0;0;0;1;0;0;0;0;0;0;0;0;1;0;3;0;0;0;0;1;0;2;0;4;0;5;1;0;1;0;0;0;0;0;0;3;0;0;0;2;0;0;6;3;0;4;0;1;3;0;4;0;0;6;1;2;0;0;1;1;1;0;0;0;0;0;0;3;1;4;0;1;0;0;0;0;0;0;1;0;1;1;0;0;0;4;3;0;0;0;0;0;0;1;0;0;0;0;0;0;0;0;0;0;0;0;0;5;0;13;0;10;0;1;0;5;14;2;10;0;76
243;0;9;4;0;3;0;0;0;3;3;0;0;10;0;0;0;0;0;0;0;0;0;0;0;0;0;0;0;0;0;0;0;0;0;0;0;0;0;0;5;14;3;2;2;0;2;0;2;0;12;1;0;0;16;0;2;5;0;0;5;0;0;13;3;7;1;0;3;8;11;2;9;0;2;0;19;5;0;0;0;0;1;3;1;1;0;2;0;4;4;0;3;17;7;0;11;0;1;4;1;2;2;1;7;5;1;2;0;1;1;2;0;4;0;1;1;0;3;1;5;0;1;2;1;0;1;0;0;11;5;2;2;0;0;5;17;7;1;0;0;0;0;0;0;0;0;0;0;0;0;1;1;0;0;1;4;0;28;5;2;7;0;22;18;15;84;2;10;56;23;281
244;0;0;3;0;0;0;0;0;0;4;0;0;2;0;0;0;0;0;0;0;0;0;0;0;0;0;0;0;0;0;0;0;0;0;0;0;0;0;0;1;2;0;0;0;0;0;0;0;0;0;0;0;0;3;0;0;0;0;0;0;0;0;4;3;0;1;0;2;0;0;0;0;0;0;0;4;0;0;0;0;1;0;0;0;0;0;0;0;1;0;0;1;2;0;0;0;0;3;0;0;2;0;0;1;1;0;0;0;0;0;4;0;0;0;0;0;1;0;0;1;0;0;0;0;0;0;0;0;1;1;0;0;1;1;1;2;1;2;0;0;0;0;0;0;0;0;0;0;0;0;0;0;0;0;1;0;0;5;0;4;1;21;0;2;24;11;5;14;16;16;37
245;0;1;0;0;0;0;0;0;0;1;0;0;0;2;0;0;0;0;0;0;0;0;0;0;0;0;1;0;0;0;0;0;0;0;0;0;0;0;0;0;0;5;3;4;0;1;0;0;0;9;0;1;0;1;0;0;1;0;0;4;0;0;4;0;0;2;2;0;0;1;0;0;1;1;0;7;0;0;0;0;1;0;0;1;0;0;1;0;1;1;0;1;1;1;1;0;0;0;1;0;0;1;0;0;0;1;3;2;0;0;0;0;1;0;1;0;0;0;0;0;0;3;0;0;0;0;0;0;1;0;0;0;6;0;0;4;0;0;0;0;0;0;0;0;0;0;0;0;0;0;0;0;0;0;0;0;0;4;0;4;4;36;9;0;6;27;3;32;12;14;145
246;0;2;0;0;0;0;1;0;0;6;0;0;1;1;0;0;0;0;0;0;0;0;0;0;0;0;0;0;0;0;0;0;0;0;0;0;0;0;0;0;3;0;0;0;0;0;0;0;0;0;0;0;0;1;0;0;2;0;0;1;0;3;3;4;1;1;0;0;1;0;1;0;0;4;0;7;1;0;0;1;1;0;0;0;0;0;0;0;0;0;0;0;0;0;0;0;0;0;0;0;0;0;0;1;0;0;0;0;0;0;0;1;1;0;0;0;0;0;0;0;0;0;0;0;0;0;0;0;2;0;0;1;0;0;0;1;2;1;0;0;0;0;0;0;0;0;0;0;0;0;0;0;0;0;0;0;0;2;0;0;0;13;23;5;0;10;2;2;2;4;26
247;1;10;3;0;2;0;0;1;0;1;6;0;3;0;0;0;0;0;1;0;0;0;0;0;0;0;0;0;0;0;0;0;0;0;0;0;0;0;0;2;9;7;0;6;0;1;0;0;0;8;0;1;0;17;1;0;8;0;0;3;0;0;14;4;1;6;0;2;3;7;0;5;0;4;0;14;11;0;0;0;0;0;0;0;0;0;1;0;0;2;2;1;4;15;0;6;0;2;0;0;2;5;0;6;6;1;1;0;2;2;3;3;4;0;0;4;0;6;0;7;0;1;1;2;0;0;0;0;18;6;2;3;2;1;3;6;9;0;0;1;0;0;0;0;2;0;0;0;0;0;2;1;0;0;4;0;0;19;0;2;13;123;11;26;14;0;1;21;62;19;348
248;0;0;0;0;0;0;0;0;2;0;0;0;1;7;0;0;0;0;0;0;0;0;0;0;3;0;0;0;0;0;0;0;0;0;0;0;0;0;1;0;0;0;1;0;0;0;0;0;0;4;0;0;0;1;0;0;0;0;0;2;0;0;1;3;0;1;0;0;0;0;0;0;0;2;0;0;0;0;1;0;0;0;0;0;3;0;0;0;0;0;0;0;0;4;0;1;0;0;1;3;0;0;2;1;2;2;0;0;0;0;0;0;1;2;0;3;0;1;0;0;0;1;0;0;0;0;0;0;1;0;0;0;0;0;0;1;2;0;0;0;0;0;0;0;0;0;0;0;0;0;0;0;0;0;0;0;0;1;0;3;11;9;5;0;0;2;0;6;4;3;60
249;2;0;0;0;0;0;0;0;0;0;0;0;0;2;0;0;0;0;0;0;0;0;0;0;0;0;0;0;0;0;0;1;0;0;0;0;0;0;0;0;2;1;0;0;0;0;0;6;0;5;0;0;0;3;0;0;6;0;0;2;0;0;2;0;0;0;0;0;0;0;0;0;4;0;0;0;3;0;0;0;0;1;0;0;0;0;0;0;0;0;0;0;0;0;0;2;0;2;0;0;0;0;0;5;1;4;0;0;0;0;1;1;0;0;0;2;0;0;0;1;1;0;0;0;0;0;0;0;1;1;1;0;0;0;0;1;5;1;0;0;0;0;0;0;0;0;0;0;0;0;0;0;0;0;0;0;0;1;0;0;0;5;9;11;0;10;0;0;5;8;52
250;0;10;1;1;4;0;0;0;0;5;1;1;1;8;0;4;0;0;0;0;1;0;0;0;2;0;1;0;0;0;0;0;0;1;0;0;0;0;0;2;5;0;1;0;1;0;1;1;0;3;0;0;0;8;0;0;4;0;0;0;0;0;10;0;0;2;0;0;0;0;0;2;0;0;0;7;1;0;0;0;0;0;0;0;0;0;0;0;1;1;0;2;1;4;0;7;0;2;0;0;1;0;0;0;2;0;1;0;0;1;7;0;0;2;1;2;0;2;0;1;0;0;9;0;0;0;0;0;2;0;1;0;0;1;0;2;2;0;0;0;0;3;0;0;0;0;0;0;0;0;0;0;1;0;1;0;1;11;0;1;8;38;5;5;4;33;1;1;0;3;94
251;0;0;0;0;0;0;0;0;2;0;0;0;0;2;0;0;0;0;0;0;0;0;0;0;0;0;0;0;0;0;0;0;0;0;0;0;0;0;0;0;2;1;1;1;0;0;0;0;0;2;2;0;0;4;0;0;0;0;0;1;0;0;2;0;3;0;1;0;1;0;0;0;3;2;0;1;3;0;0;0;0;5;0;2;1;0;1;0;0;1;0;0;1;3;0;0;1;0;1;0;0;0;0;1;0;0;0;1;2;0;0;0;0;0;0;0;0;0;0;0;0;1;1;0;0;0;0;0;4;0;2;0;1;0;0;2;0;1;0;0;0;0;0;0;0;0;0;0;0;0;0;0;0;0;0;0;0;3;0;2;2;39;34;5;5;11;0;11;9;0;52
261;14;109;73;13;43;0;5;4;23;22;19;1;66;40;1;4;2;4;5;0;11;0;3;2;2;0;1;2;1;3;5;1;1;3;0;1;0;0;25;120;190;99;75;60;5;23;7;43;4;235;8;52;3;518;31;27;315;1;3;45;5;5;171;62;19;87;10;14;31;127;32;116;25;59;5;341;140;1;21;9;23;5;27;34;36;9;26;10;27;46;12;38;135;582;4;291;0;256;81;84;111;130;4;332;184;102;95;48;321;116;214;26;111;76;79;410;18;56;8;130;1;23;83;20;1;14;3;1;570;97;161;81;193;23;97;265;179;57;0;1;6;0;1;1;9;0;5;1;15;0;19;14;7;3;16;7;16;723;24;24;152;545;73;174;40;592;132;58;171;81;0
